symbol,signal_date,entry_date,exit_date,entry_price,exit_price,stop_loss,target,pnl_pct,status
POLYCAB,2020-08-31,2020-08-31,2020-09-09,892.85,831.4953912193947,831.4953912193947,1015.5592175612107,-0.07150737394768504,Loss
IEX,2020-08-31,2020-08-31,2020-09-14,192.85,206.25,178.69801833903267,221.15396332193467,0.06628040827014606,TimeStop
SCHAEFFLER,2020-08-31,2020-08-31,2020-09-14,3966.6,4116.7,3707.2795638277867,4485.240872344427,0.034732112490267274,TimeStop
GODREJPROP,2020-09-01,2020-09-01,2020-09-15,927.85,896.1,855.8927652782057,1071.7644694435885,-0.03711189695491246,TimeStop
SUNPHARMA,2020-09-01,2020-09-01,2020-09-15,521.45,506.4,486.53843021146,591.2731395770801,-0.03177087853692679,TimeStop
APOLLOHOSP,2020-09-15,2020-09-15,2020-09-21,1672.85,1896.6415165297642,1560.9542417351176,1896.6415165297642,0.13038234993205833,Win
HINDCOPPER,2020-09-17,2020-09-17,2020-09-22,37.25,33.99839947345137,33.99839947345137,43.75320105309726,-0.09002531439776727,Loss
HEROMOTOCO,2020-09-09,2020-09-09,2020-09-23,2904.0,2956.75,2717.325703998477,3277.3485920030457,0.015114681627696129,TimeStop
AIAENG,2020-09-18,2020-09-18,2020-09-24,1865.65,1723.7842061172032,1723.7842061172032,2149.381587765594,-0.07880867316502947,Loss
BOSCHLTD,2020-09-17,2020-09-17,2020-10-01,12963.25,13551.5,12009.809839944677,14870.130320110646,0.042246843223295,TimeStop
CESC,2020-09-22,2020-09-22,2020-10-06,645.9,620.25,587.1544904176324,763.3910191647353,-0.04258857881315506,TimeStop
ZYDUSWELL,2020-09-22,2020-09-22,2020-10-06,1782.7,1828.15,1602.5231182283765,2143.0537635432474,0.02242315832920278,TimeStop
ZEEL,2020-09-25,2020-09-25,2020-10-09,198.2,200.55,172.2465123517092,250.10697529658154,0.008825686797754995,TimeStop
LUPIN,2020-09-28,2020-09-28,2020-10-12,1008.95,1046.5,929.7561097007242,1167.3377805985517,0.03410991842678518,TimeStop
JPPOWER,2020-10-06,2020-10-06,2020-10-13,2.55,2.305418566329161,2.305418566329161,3.039162867341678,-0.09862248255864531,Loss
TRENT,2020-10-08,2020-10-08,2020-10-14,690.3,629.8927255639092,629.8927255639092,811.1145488721816,-0.09024210102987876,Loss
JMFINANCIL,2020-10-09,2020-10-09,2020-10-19,82.05,75.914639877199,75.914639877199,94.320720245602,-0.07754738498731853,Loss
LALPATHLAB,2020-10-12,2020-10-12,2020-10-26,2179.3,2269.0,1968.1735223076857,2601.552955384629,0.038041203692556785,TimeStop
SUPREMEIND,2020-10-13,2020-10-13,2020-10-27,1379.4,1476.75,1272.3118114643826,1593.576377071235,0.06736725055956719,TimeStop
DABUR,2020-10-14,2020-10-14,2020-10-28,516.95,517.15,493.7692868432286,563.3114263135429,-0.0026097810436875395,TimeStop
PAGEIND,2020-10-14,2020-10-14,2020-10-28,20677.35,20197.1,19179.349834061908,23673.35033187618,-0.026151830344615556,TimeStop
BHARATFORG,2020-10-20,2020-10-20,2020-11-03,461.15,458.35,430.50046657090905,522.4490668581818,-0.009049095769768242,TimeStop
DEEPAKNTR,2020-10-27,2020-10-27,2020-11-10,745.1,785.05,679.8897407227818,875.5205185544365,0.050460847448462215,TimeStop
INDHOTEL,2020-10-27,2020-10-27,2020-11-10,97.4,112.42688643295435,89.88655678352283,112.42688643295435,0.15082249421868138,Win
JUBLFOOD,2020-11-03,2020-11-03,2020-11-13,2155.5,2448.0039586653843,2009.2480206673079,2448.0039586653843,0.13229920960701647,Win
TVSMOTOR,2020-11-02,2020-11-02,2020-11-16,458.4,478.85,425.47873225442174,524.2425354911564,0.04148255147819297,TimeStop
TATAINVEST,2020-11-02,2020-11-02,2020-11-16,849.85,878.35,805.4201585152603,938.7096829694797,0.030439367717853088,TimeStop
INDIAMART,2020-11-10,2020-11-10,2020-11-24,4972.15,4813.9,4548.7457765807085,5818.958446838583,-0.03472744585242949,TimeStop
INTELLECT,2020-11-10,2020-11-10,2020-11-24,240.7,265.7,219.12077490664407,283.8584501867118,0.10055709953972239,TimeStop
ICICIGI,2020-11-13,2020-11-13,2020-11-26,1297.3,1436.1998895570362,1227.8500552214819,1436.1998895570362,0.10375221082867389,Win
TRIDENT,2020-11-17,2020-11-17,2020-12-01,7.5,7.95,6.890058252248697,8.719883495502605,0.05682476285571642,TimeStop
POWERGRID,2020-11-19,2020-11-19,2020-12-03,189.8,193.45,179.00009273936485,211.39981452127037,0.016177656592034947,TimeStop
MPHASIS,2020-11-24,2020-11-24,2020-12-08,1334.9,1314.15,1249.5272943898688,1505.6454112202625,-0.018493179400873954,TimeStop
HCLTECH,2020-11-26,2020-11-26,2020-12-10,842.05,866.75,793.8688386596223,938.4123226807553,0.02624980052633477,TimeStop
J&KBANK,2020-11-26,2020-11-26,2020-12-10,22.6,24.4,20.075448520693804,27.649102958612396,0.07641193077640152,TimeStop
PERSISTENT,2020-12-01,2020-12-01,2020-12-15,1207.65,1305.4,1113.849113459951,1395.2517730800985,0.07770435598207061,TimeStop
INDIAMART,2020-12-09,2020-12-09,2020-12-21,5308.45,6201.721814508712,4861.814092745643,6201.721814508712,0.16477399523673145,Win
DABUR,2020-12-10,2020-12-10,2020-12-21,514.4,494.51080130709596,494.51080130709596,554.178397385808,-0.041544535636018495,Loss
CANBK,2020-12-15,2020-12-15,2020-12-21,122.0,108.07021396215228,108.07021396215228,149.85957207569544,-0.11683205813239937,Loss
ESCORTS,2020-12-15,2020-12-15,2020-12-21,1335.15,1250.7318622715293,1250.7318622715293,1503.9862754569417,-0.06603356435733859,Loss
INDIAMART,2020-12-22,2020-12-22,2021-01-01,5995.9,7301.158817667667,5343.270591166166,7301.158817667667,0.21404428813361376,Win
LALPATHLAB,2020-12-21,2020-12-21,2021-01-04,2200.1,2399.45,2057.1793563939136,2485.9412872121725,0.08734258958818718,TimeStop
BEL,2020-12-22,2020-12-22,2021-01-05,112.25,132.02476975728587,102.36261512135707,132.02476975728587,0.17264399705697514,Win
DEEPAKNTR,2020-12-22,2020-12-22,2021-01-05,882.05,1013.7,795.3039025028561,1055.5421949942877,0.14581197757244313,TimeStop
FEDERALBNK,2020-12-22,2020-12-22,2021-01-05,61.8,72.3,56.4006976982768,72.59860460344639,0.16639846056158494,TimeStop
APARINDS,2021-01-08,2021-01-08,2021-01-12,358.75,412.24782671445956,332.00108664277025,412.24782671445956,0.14568065664398971,Win
PNB,2021-01-04,2021-01-04,2021-01-18,35.55,35.45,32.059070806025105,42.53185838794978,-0.005800020082393744,TimeStop
3MINDIA,2021-01-08,2021-01-08,2021-01-18,21735.4,20558.8035208419,20558.8035208419,24088.592958316207,-0.05696607900792544,Loss
CUB,2021-01-05,2021-01-05,2021-01-19,182.65,175.45,169.7129880348714,208.52402393025724,-0.042297079975437954,TimeStop
GILLETTE,2021-01-05,2021-01-05,2021-01-19,5922.45,5875.4,5564.89839170474,6637.553216590521,-0.010916056750086585,TimeStop
BLUEDART,2021-01-18,2021-01-18,2021-01-21,3899.65,4322.651399746016,3688.149300126992,4322.651399746016,0.10515119775976844,Win
BANDHANBNK,2021-01-19,2021-01-19,2021-01-22,362.3,332.0921973992873,332.0921973992873,422.71560520142555,-0.08612361859311951,Loss
BBTC,2021-01-12,2021-01-12,2021-01-25,1316.7,1230.91755147692,1230.91755147692,1488.26489704616,-0.06794992811177808,Loss
DRREDDY,2021-01-19,2021-01-19,2021-01-27,5088.9,4872.703762406965,4872.703762406965,5521.292475186069,-0.045352130038871306,Loss
DIVISLAB,2021-01-25,2021-01-25,2021-01-29,3569.05,3395.140053836537,3395.140053836537,3916.8698923269267,-0.051576781238033026,Loss
BLUESTARCO,2021-01-25,2021-01-25,2021-01-29,755.15,706.4375103146181,706.4375103146181,852.5749793707637,-0.06730931339315442,Loss
INDHOTEL,2021-01-18,2021-01-18,2021-02-01,126.3,122.65,117.2619776516409,144.3760446967182,-0.031808384019378605,TimeStop
LALPATHLAB,2021-01-21,2021-01-21,2021-02-04,2296.8,2477.9,2158.2443947303864,2573.911210539228,0.07561713420812702,TimeStop
LINDEINDIA,2021-01-29,2021-01-29,2021-02-09,906.7,1032.3557262318925,843.8721368840538,1032.3557262318925,0.13517513807874793,Win
CYIENT,2021-01-27,2021-01-27,2021-02-10,637.9,634.35,556.9251970032896,799.8496059934207,-0.008543971939879698,TimeStop
AFFLE,2021-02-09,2021-02-09,2021-02-11,4208.75,4948.049591125528,3839.100204437236,4948.049591125528,0.17213606776976553,Win
GESHIP,2021-02-01,2021-02-01,2021-02-15,267.05,257.4,247.13921632312397,306.8715673537521,-0.03902281758040728,TimeStop
SONATSOFTW,2021-02-05,2021-02-05,2021-02-19,406.1,400.3,366.9323231697672,484.4353536604657,-0.01723492082732827,TimeStop
JPPOWER,2021-02-16,2021-02-16,2021-02-19,3.3,2.9370872791937215,2.9370872791937215,4.0258254416125565,-0.1126396319838632,Loss
PFOCUS,2021-02-08,2021-02-08,2021-02-22,50.3,51.5,45.28291501129473,60.33416997741053,0.020789888725559768,TimeStop
VBL,2021-02-11,2021-02-11,2021-02-22,904.45,1047.1184830424907,833.1157584787547,1047.1184830424907,0.154272577333267,Win
EIHOTEL,2021-02-10,2021-02-10,2021-02-24,97.4,97.45,90.27817571321775,111.64364857356452,-0.0024836974517690245,TimeStop
BLUESTARCO,2021-02-22,2021-02-22,2021-03-01,805.35,922.4907616315977,746.7796191842012,922.4907616315977,0.14202202065889843,Win
FSL,2021-02-19,2021-02-19,2021-03-05,96.95,105.5,87.97900556458653,114.89198887082695,0.0849301087049158,TimeStop
BHARATFORG,2021-02-23,2021-02-23,2021-03-09,608.55,612.9,553.4610626534029,718.727874693194,0.0041312199804803785,TimeStop
CROMPTON,2021-02-24,2021-02-24,2021-03-10,381.15,419.5,349.185957172675,445.07808565464995,0.09731965085298735,TimeStop
HCLTECH,2021-03-03,2021-03-03,2021-03-17,965.25,987.45,915.8102627577609,1064.1294744844781,0.01993482193182651,TimeStop
FORTIS,2021-03-04,2021-03-04,2021-03-18,178.55,188.45,163.2695178603798,209.11096427924042,0.052285056033983056,TimeStop
ICICIBANK,2021-03-05,2021-03-05,2021-03-19,609.45,586.65,568.4769978501697,691.3960042996606,-0.040294222707287844,TimeStop
PHOENIXLTD,2021-03-12,2021-03-12,2021-03-19,799.65,741.3890654566712,741.3890654566712,916.1718690866576,-0.07563530355253557,Loss
EMAMILTD,2021-03-10,2021-03-10,2021-03-24,482.35,473.75,442.94732033053725,561.1553593389256,-0.02077147572929,TimeStop
TATACOMM,2021-03-18,2021-03-18,2021-04-01,1166.2,1122.9,1029.218069724774,1440.1638605504518,-0.04001342352788782,TimeStop
INDIAMART,2021-03-18,2021-03-18,2021-04-01,8265.7,7972.55,7420.9566237356785,9955.186752528645,-0.03835510933848452,TimeStop
BAJFINANCE,2021-03-19,2021-03-19,2021-04-02,5453.25,5272.15,5097.342053489141,6165.065893021718,-0.03610558123297357,TimeStop
CEATLTD,2021-03-19,2021-03-19,2021-04-02,1572.5,1595.8,1438.252661617861,1840.9946767642782,0.011777278438463133,TimeStop
SAIL,2021-03-25,2021-03-25,2021-04-05,72.25,88.45809779682799,64.14595110158601,88.45809779682799,0.22066603416857747,Win
HDFCBANK,2021-04-02,2021-04-02,2021-04-12,1486.75,1402.169596721788,1402.169596721788,1655.910806556424,-0.059714553055766735,Loss
TVSMOTOR,2021-04-05,2021-04-05,2021-04-12,584.25,547.6766427673672,547.6766427673672,657.3967144652657,-0.06540680583196042,Loss
ADANIPOWER,2021-04-01,2021-04-01,2021-04-15,89.3,90.75,77.85302553463364,112.19394893073269,0.013193256028611187,TimeStop
SUNPHARMA,2021-04-06,2021-04-06,2021-04-20,620.45,645.15,588.2123171595513,684.9253656808975,0.03669505814611935,TimeStop
POWERINDIA,2021-04-09,2021-04-09,2021-04-23,1517.0,1511.8,1398.5943048792851,1753.81139024143,-0.006413056749746912,TimeStop
ATUL,2021-04-12,2021-04-12,2021-04-26,7769.25,8266.65,7241.914826553096,8823.920346893809,0.06083433976364326,TimeStop
ANANTRAJ,2021-04-15,2021-04-15,2021-04-29,51.25,50.45,45.688526114402755,62.37294777119449,-0.01855850370785276,TimeStop
BAJAJFINSV,2021-04-15,2021-04-15,2021-04-29,9739.7,11068.851041661801,9075.1244791691,11068.851041661801,0.13306305366321983,Win
3MINDIA,2021-04-22,2021-04-22,2021-05-06,27004.05,24741.8,24321.686597457978,32368.776805084046,-0.08651903061418614,TimeStop
MMTC,2021-04-23,2021-04-23,2021-05-07,39.1,46.1,34.00486578633225,49.29026842733549,0.17549634627342872,TimeStop
RPOWER,2021-04-29,2021-04-29,2021-05-07,4.65,5.797034114991442,4.0764829425042794,5.797034114991442,0.24293958284486267,Win
AAVAS,2021-04-27,2021-04-27,2021-05-11,2277.1,2249.55,2063.8613670274867,2703.5772659450267,-0.015057986995177786,TimeStop
ANANTRAJ,2021-04-30,2021-04-30,2021-05-14,52.8,50.25,47.453524150090004,63.49295169981998,-0.05114629192574758,TimeStop
MRPL,2021-05-11,2021-05-11,2021-05-18,46.55,55.129022295772934,42.260488852113525,55.129022295772934,0.18074936493925656,Win
CHENNPETRO,2021-05-07,2021-05-07,2021-05-21,114.2,129.1,103.5437592167899,135.51248156642023,0.12708651558564077,TimeStop
BSOFT,2021-05-11,2021-05-11,2021-05-21,255.85,236.03371729176496,236.03371729176496,295.4825654164701,-0.08021623333681405,Loss
CGCL,2021-05-10,2021-05-10,2021-05-24,461.05,460.9,420.4938332707014,542.1623334585972,-0.0033198764915202497,TimeStop
TRIDENT,2021-05-18,2021-05-18,2021-06-01,16.95,15.85,15.143701308991401,20.562597382017195,-0.06769786323464658,TimeStop
IDBI,2021-05-19,2021-05-19,2021-06-02,38.8,39.2,35.06102213058622,46.277955738827565,0.007282890097843142,TimeStop
TECHNOE,2021-05-21,2021-05-21,2021-06-04,330.3,335.6,301.3658540231656,388.16829195366887,0.013002446073547887,TimeStop
GPIL,2021-05-24,2021-05-24,2021-06-07,910.2,983.8,766.7447200222215,1197.1105599555572,0.07762362169775429,TimeStop
TIINDIA,2021-06-07,2021-06-07,2021-06-14,1227.35,1405.0257556698593,1138.5121221650702,1405.0257556698593,0.14133457575184832,Win
SBILIFE,2021-06-02,2021-06-02,2021-06-16,984.4,991.8,938.7849145475806,1075.6301709048387,0.0044992446316303655,TimeStop
PFIZER,2021-06-02,2021-06-02,2021-06-16,5176.15,5457.9,4936.046758696811,5656.3564826063775,0.051273789160737916,TimeStop
PAGEIND,2021-06-04,2021-06-04,2021-06-18,31043.7,29698.95,29232.350864642583,34666.39827071484,-0.046183715371964716,TimeStop
IDBI,2021-06-08,2021-06-08,2021-06-18,39.7,36.88150067168903,36.88150067168903,45.336998656621944,-0.07377778620025889,Loss
BHEL,2021-06-14,2021-06-14,2021-06-28,67.4,66.3,58.894871592964236,84.41025681407154,-0.019267093425144197,TimeStop
TRIDENT,2021-06-17,2021-06-17,2021-07-01,16.75,16.35,15.424090608637233,19.401818782725535,-0.026804569265504837,TimeStop
ADANIENT,2021-06-18,2021-06-18,2021-07-02,1487.5,1422.05,1282.5005275199514,1897.498944960097,-0.046863704443335034,TimeStop
BAJAJHLDNG,2021-06-18,2021-06-18,2021-07-02,3520.6,3677.0,3385.0247338606487,3791.750532278703,0.04129566599938186,TimeStop
FACT,2021-06-18,2021-06-18,2021-07-02,144.05,137.1,128.35449754504432,175.44100490991136,-0.05109811852855929,TimeStop
HAL,2021-06-28,2021-06-28,2021-07-08,1042.7,1155.9779602404296,986.0610198797852,1155.9779602404296,0.10531813605961916,Win
PAGEIND,2021-07-07,2021-07-07,2021-07-13,30898.8,33367.065746135864,29664.667126932065,33367.065746135864,0.07664745801788289,Win
SUNPHARMA,2021-07-01,2021-07-01,2021-07-15,684.15,683.0,659.5296968922922,733.3906062154155,-0.0046713894662647314,TimeStop
PRESTIGE,2021-07-08,2021-07-08,2021-07-15,289.1,323.3846616434567,271.95766917827166,323.3846616434567,0.11524026534045871,Win
HDFCAMC,2021-07-06,2021-07-06,2021-07-16,2886.15,3122.9533703955885,2767.7483148022056,3122.9533703955885,0.07880690280345999,Win
TCS,2021-07-07,2021-07-07,2021-07-20,3274.95,3164.4320164685046,3164.4320164685046,3495.9859670629903,-0.036640883361501925,Loss
GLAXO,2021-07-15,2021-07-15,2021-07-23,1546.55,1671.6961039474365,1483.9769480262817,1671.6961039474365,0.07768163137371177,Win
CREDITACC,2021-07-14,2021-07-14,2021-07-26,723.15,668.9918528280696,668.9918528280696,831.4662943438608,-0.07766316362581552,Loss
GILLETTE,2021-07-16,2021-07-16,2021-07-30,6020.45,5994.3,5767.854363489249,6525.641273021501,-0.007326024807269018,TimeStop
ONGC,2021-07-16,2021-07-16,2021-07-30,116.8,115.3,110.58782829100339,129.2243434179932,-0.015799502800593664,TimeStop
CROMPTON,2021-07-20,2021-07-20,2021-08-03,459.6,478.25,421.9536297363678,534.8927405272644,0.037461703441356665,TimeStop
COROMANDEL,2021-07-30,2021-07-30,2021-08-05,918.0,859.0225313895619,859.0225313895619,1035.9549372208762,-0.06704866709469828,Loss
KEC,2021-07-23,2021-07-23,2021-08-06,431.1,418.95,403.2471959598766,486.8056080802468,-0.03109479830358857,TimeStop
RECLTD,2021-08-06,2021-08-06,2021-08-10,156.45,147.8744771042426,147.8744771042426,173.60104579151476,-0.05764449912803368,Loss
ATUL,2021-07-28,2021-07-28,2021-08-11,9046.75,8864.05,8643.419456047523,9853.411087904955,-0.023130109875670768,TimeStop
GRSE,2021-08-03,2021-08-03,2021-08-11,203.15,188.36156214957487,188.36156214957487,232.7268757008503,-0.07557310450101125,Loss
COLPAL,2021-07-30,2021-07-30,2021-08-13,1704.4,1632.5191808957386,1632.5191808957386,1848.1616382085233,-0.045042854560921546,Loss
PAGEIND,2021-08-11,2021-08-11,2021-08-13,32980.6,31336.090196685138,31336.090196685138,36269.61960662972,-0.052709085726179467,Loss
GABRIEL,2021-08-05,2021-08-05,2021-08-16,135.8,160.1254323651934,123.63728381740331,160.1254323651934,0.17559481261646268,Win
SAIL,2021-08-13,2021-08-13,2021-08-20,133.95,120.97447766484973,120.97447766484973,159.9010446703005,-0.09957373794960817,Loss
PFC,2021-08-16,2021-08-16,2021-08-20,132.2,124.65182114005528,124.65182114005528,147.29635771988941,-0.05992113638660619,Loss
PRESTIGE,2021-08-11,2021-08-11,2021-08-23,360.95,327.13127380758647,327.13127380758647,428.587452384827,-0.09640850568758266,Loss
NH,2021-08-17,2021-08-17,2021-08-23,507.95,470.15022028220255,470.15022028220255,583.5495594355949,-0.07718893172834651,Loss
BLS,2021-08-11,2021-08-11,2021-08-24,154.5,193.89738934637373,134.80130532681315,193.89738934637373,0.251239924982133,Win
ASIANPAINT,2021-08-20,2021-08-20,2021-09-03,3112.95,3338.8,2995.684566750905,3347.480866498189,0.06933892356024199,TimeStop
ZYDUSWELL,2021-08-20,2021-08-20,2021-09-03,2187.6,2301.05,2056.3626015988984,2450.0747968022033,0.048709631201396805,TimeStop
AMBUJACEM,2021-08-23,2021-08-23,2021-09-03,390.65,437.0197420744803,367.4651289627598,437.0197420744803,0.11534787275471944,Win
MFSL,2021-08-24,2021-08-24,2021-09-07,1043.8,1090.95,962.5275837524309,1206.344832495138,0.042040670551941835,TimeStop
DALBHARAT,2021-08-26,2021-08-26,2021-09-09,2042.7,2348.0332183076343,1890.0333908461828,2348.0332183076343,0.14603205021623727,Win
SBIN,2021-09-08,2021-09-08,2021-09-16,431.35,465.6270507388975,414.21147463055127,465.6270507388975,0.07623104618090616,Win
ITC,2021-09-09,2021-09-09,2021-09-16,212.65,225.64479615684158,206.15260192157922,225.64479615684158,0.05793028755764214,Win
ERIS,2021-09-03,2021-09-03,2021-09-17,765.45,766.75,720.2755841178191,855.7988317643619,-0.001302246773546109,TimeStop
INDHOTEL,2021-09-08,2021-09-08,2021-09-20,146.65,164.36579875966024,137.7921006201699,164.36579875966024,0.1174458909080684,Win
ASTRAL,2021-09-17,2021-09-17,2021-09-21,2120.75,1990.3990937136562,1990.3990937136562,2381.4518125726877,-0.06427592134227714,Loss
EMAMILTD,2021-09-09,2021-09-09,2021-09-23,595.85,584.4,556.5992608179242,674.3514783641517,-0.02215419004580314,TimeStop
HDFCAMC,2021-09-20,2021-09-20,2021-09-29,3217.75,3032.8963502689057,3032.8963502689057,3587.457299462188,-0.060271528611518334,Loss
RECLTD,2021-09-17,2021-09-17,2021-10-01,157.05,156.1,148.28559339676124,174.57881320647758,-0.009026415804501003,TimeStop
BSOFT,2021-09-17,2021-09-17,2021-10-01,420.45,397.25,393.69362447780094,473.9627510443981,-0.058009192656490266,TimeStop
ACC,2021-09-21,2021-09-21,2021-10-01,2332.3,2222.80289735874,2222.80289735874,2551.2942052825206,-0.04980299434109906,Loss
CHOLAHLDNG,2021-09-24,2021-09-24,2021-10-08,697.75,716.15,646.9669426908404,799.3161146183191,0.02329597685163399,TimeStop
BEML,2021-09-29,2021-09-29,2021-10-13,1434.4,1523.5,1343.9003544257412,1615.399291148518,0.058934987089917165,TimeStop
NAM-INDIA,2021-10-01,2021-10-01,2021-10-15,440.65,449.1,411.8730128705925,498.2039742588149,0.01612326772521369,TimeStop
ICICIBANK,2021-10-01,2021-10-01,2021-10-15,692.35,727.3,664.4001762502066,748.2496474995868,0.04733352776497127,TimeStop
INDIGO,2021-10-11,2021-10-11,2021-10-25,2048.2,1996.05,1884.6025230046741,2375.394953990651,-0.028380617726861505,TimeStop
TCS,2021-10-18,2021-10-18,2021-10-25,3647.15,3484.618303933985,3484.618303933985,3972.2133921320305,-0.047426043261558755,Loss
ERIS,2021-10-13,2021-10-13,2021-10-27,797.5,815.0,744.4809786468187,903.5380427063626,0.018882334805002468,TimeStop
NH,2021-10-20,2021-10-20,2021-11-03,521.35,549.6,489.6862421467947,584.6775157064106,0.05102842523402018,TimeStop
PGEL,2021-10-20,2021-10-20,2021-11-03,470.95,505.4,392.6399239945806,627.5701520108388,0.06993538781964012,TimeStop
ECLERX,2021-10-25,2021-10-25,2021-11-03,1960.3,2415.5131876030864,1732.6934061984566,2415.5131876030864,0.22852497146830997,Win
AAVAS,2021-10-28,2021-10-28,2021-11-11,2771.8,2770.45,2537.9147408248978,3239.5705183502046,-0.003481095911512103,TimeStop
SUPREMEIND,2021-11-03,2021-11-03,2021-11-17,2359.15,2259.1,2154.2956313886098,2768.8587372227803,-0.04527781161693247,TimeStop
ACE,2021-11-08,2021-11-08,2021-11-18,258.15,233.83291824365648,233.83291824365648,306.784163512687,-0.09691082641468352,Loss
ESCORTS,2021-11-11,2021-11-11,2021-11-18,1521.3,1810.0769340604122,1376.9115329697938,1810.0769340604122,0.18625835562000564,Win
ADANIGREEN,2021-11-08,2021-11-08,2021-11-22,1226.0,1340.95,1132.9140894837365,1412.1718210325269,0.09048382972034602,TimeStop
CHOLAHLDNG,2021-11-08,2021-11-08,2021-11-22,699.7,705.15,649.8270793162299,799.4458413675405,0.004770213552045604,TimeStop
IDBI,2021-11-18,2021-11-18,2021-11-29,51.65,45.779659954935404,45.779659954935404,63.39068009012919,-0.11631119699921556,Loss
INDUSTOWER,2021-11-23,2021-11-23,2021-11-29,294.25,270.3977576994613,270.3977576994613,341.9544846010774,-0.08381383383578127,Loss
USHAMART,2021-11-18,2021-11-18,2021-12-02,89.4,85.65,79.50247803950778,109.19504392098446,-0.044816165014223606,TimeStop
BRIGADE,2021-11-22,2021-11-22,2021-12-06,465.7,490.7,408.2018078802594,580.6963842394811,0.05052631488669939,TimeStop
AAVAS,2021-11-29,2021-11-29,2021-12-06,2851.45,2632.8040726638287,2632.8040726638287,3288.741854672342,-0.07944467189698075,Loss
HFCL,2021-11-23,2021-11-23,2021-12-07,75.05,77.85,67.14603200382481,90.85793599235038,0.03420119653963426,TimeStop
LTTS,2021-11-29,2021-11-29,2021-12-13,5201.25,5476.75,4748.107598330048,6107.534803339904,0.04981386367936683,TimeStop
CHAMBLFERT,2021-12-02,2021-12-02,2021-12-16,397.25,403.85,355.0062979599289,481.7374040801423,0.01356894802541309,TimeStop
IDBI,2021-12-10,2021-12-10,2021-12-17,53.95,48.45554008367801,48.45554008367801,64.93891983264399,-0.10453399097734319,Loss
M&M,2021-12-09,2021-12-09,2021-12-20,851.1,800.5528399675648,800.5528399675648,952.1943200648705,-0.062207991376097185,Loss
ZENTEC,2021-12-10,2021-12-10,2021-12-20,222.75,204.51286723149332,204.51286723149332,259.22426553701337,-0.08462290657999048,Loss
BEL,2021-12-30,2021-12-30,2022-01-13,209.95,209.55,197.23371635515957,235.38256728968082,-0.004895015181443079,TimeStop
FINCABLES,2022-01-03,2022-01-03,2022-01-17,538.05,529.85,504.67767552183426,604.7946489563313,-0.01819007387070114,TimeStop
ELECON,2022-01-05,2022-01-05,2022-01-19,197.45,194.45,177.10243293252407,238.14513413495183,-0.018143713778534545,TimeStop
HFCL,2022-01-05,2022-01-05,2022-01-19,85.55,88.2,76.40570858291906,103.83858283416187,0.027887741736314302,TimeStop
INFY,2022-01-06,2022-01-06,2022-01-20,1817.8,1823.7,1746.006797473895,1961.3864050522097,0.00024045239215664946,TimeStop
MOTILALOFS,2022-01-17,2022-01-17,2022-01-24,971.15,916.2959174171317,916.2959174171317,1080.8581651657366,-0.059309945095222215,Loss
SOBHA,2022-01-19,2022-01-19,2022-01-24,1022.25,935.1393689548045,935.1393689548045,1196.471262090391,-0.08795485187345206,Loss
ZENSARTECH,2022-01-19,2022-01-19,2022-01-24,474.0,436.48658073337134,436.48658073337134,549.0268385332573,-0.0819006703820402,Loss
ITI,2022-01-20,2022-01-20,2022-01-24,120.25,113.74164050203768,113.74164050203768,133.26671899592463,-0.05695695092467641,Loss
SCHAEFFLER,2022-01-28,2022-01-28,2022-02-08,8768.4,8101.843891984747,8101.843891984747,10101.512216030505,-0.07878578030190589,Loss
UPL,2022-02-01,2022-02-01,2022-02-14,785.0,731.1508101449244,731.1508101449244,892.6983797101511,-0.0713877159678227,Loss
UNIONBANK,2022-02-08,2022-02-08,2022-02-14,47.7,43.075461698514886,43.075461698514886,56.949076602970244,-0.09965557939888671,Loss
ICICIBANK,2022-02-08,2022-02-08,2022-02-14,792.5,755.5848373144885,755.5848373144885,866.330325371023,-0.04943662101986862,Loss
TITAN,2022-02-03,2022-02-03,2022-02-17,2474.95,2493.2,2332.5689275575955,2759.7121448848084,0.004356291075013977,TimeStop
MINDACORP,2022-03-29,2022-03-29,2022-04-12,203.35,229.0,182.82722281585694,244.39555436828613,0.12276385029046069,TimeStop
POWERINDIA,2022-04-13,2022-04-13,2022-04-25,3493.45,3207.4223399447,3207.4223399447,4065.5053201105998,-0.08462566096331096,Loss
TATAELXSI,2022-04-22,2022-04-22,2022-04-27,8358.0,7564.6760268998,7564.6760268998,9944.6479462004,-0.09762909920122811,Loss
SUNPHARMA,2022-05-02,2022-05-02,2022-05-05,923.4,876.5257031678527,876.5257031678527,1017.1485936642945,-0.05360616794853107,Loss
VEDL,2022-05-02,2022-05-02,2022-05-06,407.85,382.61749063828626,382.61749063828626,458.31501872342756,-0.06467731429133408,Loss
SUMICHEM,2022-07-06,2022-07-06,2022-07-20,464.4,473.0,432.0072849930627,529.1854300138746,0.015467539431593317,TimeStop
THERMAX,2022-07-19,2022-07-19,2022-08-02,2097.25,2091.95,1964.733856946436,2362.282286107128,-0.005515055584462304,TimeStop
IIFL,2022-08-03,2022-08-03,2022-08-19,335.8,332.9,309.40044019962687,388.59911960074623,-0.011605730177812685,TimeStop
SUMICHEM,2022-08-04,2022-08-04,2022-08-22,467.55,470.3,435.06789207647455,532.514215847051,0.0028685983963845935,TimeStop
TECHNOE,2022-08-16,2022-08-16,2022-08-30,280.3,286.85,258.9771023030351,322.9457953939298,0.02030231498987694,TimeStop
ANANTRAJ,2022-08-23,2022-08-23,2022-08-30,72.25,87.88578628655489,64.43210685672256,87.88578628655489,0.21276849579782642,Win
ASTERDM,2022-08-17,2022-08-17,2022-08-31,207.8,221.0,184.61279565998885,254.17440868002234,0.060336828731878164,TimeStop
ACE,2022-08-23,2022-08-23,2022-09-02,247.85,288.63170865714534,227.45914567142734,288.63170865714534,0.1610535018298037,Win
CREDITACC,2022-09-05,2022-09-05,2022-09-19,1017.15,988.85,940.1834352910744,1171.083129417851,-0.030735001562936005,TimeStop
SUNPHARMA,2022-09-05,2022-09-05,2022-09-19,884.6,874.85,846.4113260618473,960.9773478763057,-0.013984421288031804,TimeStop
CAPLIPOINT,2022-09-05,2022-09-05,2022-09-19,775.0,727.185802633214,727.185802633214,870.628394733572,-0.06450643527706605,Loss
CGPOWER,2022-09-07,2022-09-07,2022-09-20,219.45,248.59204098535272,204.8789795073236,248.59204098535272,0.1294025147008341,Win
PIIND,2022-09-22,2022-09-22,2022-09-26,3158.4,2970.269892882502,2970.269892882502,3534.660214234996,-0.06238208289036247,Loss
ICICIPRULI,2022-09-19,2022-09-19,2022-09-29,557.05,525.9458267443446,525.9458267443446,619.2583465113107,-0.05866555520058384,Loss
BLUEDART,2022-09-16,2022-09-16,2022-09-30,8515.25,8851.35,7995.993567224042,9553.762865551917,0.03635662152231274,TimeStop
CASTROLIND,2022-09-19,2022-09-19,2022-10-03,113.55,112.0,107.80023499446816,125.04953001106368,-0.016604991236175193,TimeStop
3MINDIA,2022-09-23,2022-09-23,2022-10-07,23713.0,24464.95,22214.921157357825,26709.15768528435,0.028619958562135745,TimeStop
BANKBARODA,2022-09-26,2022-09-26,2022-10-10,128.15,132.2,118.84670071594935,146.7565985681013,0.028513414038131145,TimeStop
ASHOKLEY,2022-10-07,2022-10-07,2022-10-11,159.65,149.42509296098214,149.42509296098214,180.09981407803576,-0.06684942632064636,Loss
AIAENG,2022-09-30,2022-09-30,2022-10-14,2509.2,2598.35,2325.5433419767633,2876.513316046473,0.03242731749657518,TimeStop
ANANDRATHI,2022-10-10,2022-10-10,2022-10-14,660.75,701.7661860185736,640.2419069907132,701.7661860185736,0.05889374298679987,Win
ADANIENT,2022-10-04,2022-10-04,2022-10-18,3237.7,3284.3,2938.2358563864145,3836.6282872271704,0.011354312386626061,TimeStop
CAMS,2022-10-10,2022-10-10,2022-10-24,2535.35,2666.9,2395.5535202639467,2814.9429594721064,0.048735394748412306,TimeStop
KPITTECH,2022-10-19,2022-10-19,2022-10-27,649.55,753.5622751273746,597.5438624363127,753.5622751273746,0.15665456739789654,Win
CRAFTSMAN,2022-10-17,2022-10-17,2022-10-31,2813.4,3142.55,2602.2321512079197,3235.735697584161,0.1136477110594151,TimeStop
DCMSHRIRAM,2022-10-17,2022-10-17,2022-10-31,1080.5,1045.6,1016.3921431943077,1208.7157136113847,-0.035198613463423574,TimeStop
TEGA,2022-10-17,2022-10-17,2022-10-31,545.8,540.25,508.4757692162149,620.44846156757,-0.013133606662194345,TimeStop
PHOENIXLTD,2022-10-27,2022-10-27,2022-11-10,1464.75,1529.0,1344.3458104247306,1705.5583791505387,0.040737238569522306,TimeStop
CHALET,2022-10-27,2022-10-27,2022-11-10,365.15,361.5,333.6271840205535,428.195631958893,-0.012961456076873212,TimeStop
HSCL,2022-10-31,2022-10-31,2022-11-11,103.8,96.29088705090706,96.29088705090706,118.81822589818586,-0.07512093401005719,Loss
ASAHIINDIA,2022-10-31,2022-10-31,2022-11-14,615.85,644.15,573.8857598009673,699.7784803980655,0.04281958972720565,TimeStop
PFOCUS,2022-10-31,2022-10-31,2022-11-14,76.0,74.85,68.8689500752119,90.2620998495762,-0.018081758940536652,TimeStop
AIAENG,2022-11-14,2022-11-14,2022-11-17,2731.75,2551.1185760152202,2551.1185760152202,3093.012847969559,-0.0689204051884296,Loss
APARINDS,2022-11-10,2022-11-10,2022-11-24,1406.35,1469.3,1263.0425424278567,1692.9649151442861,0.04163167202124613,TimeStop
INDHOTEL,2022-11-14,2022-11-14,2022-11-28,312.65,325.85,288.8297285877545,360.2905428244909,0.03909775828820362,TimeStop
REDINGTON,2022-11-14,2022-11-14,2022-11-28,158.05,184.2531332691198,144.9484333654401,184.2531332691198,0.16229801813708486,Win
VIJAYA,2022-11-17,2022-11-17,2022-12-01,457.65,472.15,415.3990793028795,542.1518413942409,0.02859318582488989,TimeStop
MGL,2022-11-24,2022-11-24,2022-12-08,870.7,882.35,816.0451093004667,980.0097813990667,0.010344452311999493,TimeStop
NESTLEIND,2022-11-28,2022-11-28,2022-12-12,19815.45,20487.35,19071.10390488107,21304.14219023786,0.03081080697094988,TimeStop
TIINDIA,2022-11-30,2022-11-30,2022-12-14,2771.35,2979.45,2517.6698617980883,3278.7102764038227,0.07186931908414111,TimeStop
CGCL,2022-12-05,2022-12-05,2022-12-19,757.05,749.7,724.9588787241195,821.232242551761,-0.012675162014260066,TimeStop
ATGL,2022-12-05,2022-12-05,2022-12-19,3590.1,3618.45,3305.5447211243386,4159.210557751322,0.00487755456311645,TimeStop
KOTAKBANK,2022-12-14,2022-12-14,2022-12-21,1873.2,1817.3842543328017,1817.3842543328017,1984.831491334397,-0.03270325242901046,Loss
ANANTRAJ,2022-12-13,2022-12-13,2022-12-23,107.3,98.15794039994795,98.15794039994795,125.5841192001041,-0.08794121502417357,Loss
MINDACORP,2022-12-21,2022-12-21,2022-12-23,219.05,205.1959722384768,205.1959722384768,246.75805552304644,-0.06605201405780359,Loss
LODHA,2022-12-15,2022-12-15,2022-12-29,1047.25,1094.8,964.8007741561306,1212.1484516877388,0.04227311455828893,TimeStop
PGEL,2022-12-19,2022-12-19,2023-01-02,1101.45,1115.55,1013.4964596175107,1277.3570807649787,0.009767454225171624,TimeStop
HONAUT,2022-12-22,2022-12-22,2023-01-05,41764.95,39873.45,39278.20603102699,46738.43793794601,-0.048149014621534925,TimeStop
HDFCLIFE,2022-12-29,2022-12-29,2023-01-05,571.0,612.0140809634751,550.4929595182624,612.0140809634751,0.06861784353597424,Win
TIMKEN,2023-01-02,2023-01-02,2023-01-10,3201.0,2971.619952271522,2971.619952271522,3659.7600954569557,-0.07443972362508575,Loss
SCI,2022-12-28,2022-12-28,2023-01-11,140.2,140.65,128.12494771822182,164.35010456355633,0.00020457900880497049,TimeStop
M&MFIN,2022-12-29,2022-12-29,2023-01-12,229.15,232.85,214.09524092038473,259.25951815923054,0.01310275477031019,TimeStop
CYIENT,2023-01-05,2023-01-05,2023-01-13,818.3,906.2939762243673,774.3030118878163,906.2939762243673,0.10421503911800724,Win
BLUESTARCO,2023-01-05,2023-01-05,2023-01-19,1200.3,1239.75,1137.8160383627737,1325.2679232744522,0.029772823893377855,TimeStop
APARINDS,2023-01-17,2023-01-17,2023-01-23,1703.9,1556.1515842502135,1556.1515842502135,1999.3968314995732,-0.08944766612400903,Loss
MAXHEALTH,2023-01-17,2023-01-17,2023-01-23,453.7,427.33182050108223,427.33182050108223,506.43635899783555,-0.060939508149434246,Loss
HEROMOTOCO,2023-01-17,2023-01-17,2023-01-31,2766.85,2763.25,2664.84285257287,2970.8642948542597,-0.0042927278309273465,TimeStop
TEGA,2023-01-25,2023-01-25,2023-02-03,586.6,649.6800537347056,555.0599731326473,649.6800537347056,0.10421741008348283,Win
INDIANB,2023-01-26,2023-01-26,2023-02-09,292.15,287.0,273.30195326168734,329.8460934766253,-0.020570633011632512,TimeStop
CGPOWER,2023-01-27,2023-01-27,2023-02-10,298.4,327.85,275.6661995872423,343.8676008255153,0.09540188711570734,TimeStop
LT,2023-02-17,2023-02-17,2023-02-24,2226.35,2127.384869441426,2127.384869441426,2424.2802611171473,-0.04731409089915156,Loss
MARUTI,2023-03-08,2023-03-08,2023-03-16,8693.9,8435.127308251704,8435.127308251704,9211.44538349659,-0.03267120307940008,Loss
DATAPATTNS,2023-03-09,2023-03-09,2023-03-23,1325.45,1396.85,1198.5564422833327,1579.237115433335,0.05071162730422437,TimeStop
POLYMED,2023-03-10,2023-03-10,2023-03-24,989.25,954.1,906.0694152789282,1155.6111694421436,-0.03842103915140682,TimeStop
FSL,2023-03-10,2023-03-10,2023-03-24,113.8,110.05,106.13395349309006,129.13209301381985,-0.035849345489674084,TimeStop
APLAPOLLO,2023-03-10,2023-03-10,2023-03-24,1199.15,1208.95,1109.6724456641941,1378.1051086716122,0.005152468103915115,TimeStop
BPCL,2023-03-31,2023-03-31,2023-04-03,344.3,330.10867010026766,330.10867010026766,372.68265979946466,-0.044089958309363644,Loss
SCHAEFFLER,2023-03-31,2023-03-31,2023-04-14,2867.55,3009.55,2704.1133822733113,3194.423235453378,0.04637578165715106,TimeStop
CUMMINSIND,2023-04-06,2023-04-06,2023-04-17,1578.05,1497.763179317183,1497.763179317183,1738.6236413656343,-0.05372033863389697,Loss
ELGIEQUIP,2023-04-05,2023-04-05,2023-04-19,466.4,505.85,424.1204656292019,550.9590687415962,0.0813351692016008,TimeStop
POLYCAB,2023-04-10,2023-04-10,2023-04-24,2975.0,3142.45,2839.0043471239023,3246.9913057521953,0.05312160330932165,TimeStop
POLYMED,2023-04-17,2023-04-17,2023-05-01,941.7,978.8,879.0465773302051,1067.0068453395897,0.036283315284055956,TimeStop
LT,2023-04-18,2023-04-18,2023-05-02,2216.6,2406.509124721921,2121.6454376390393,2406.509124721921,0.08242371669187477,Win
POWERINDIA,2023-04-26,2023-04-26,2023-05-05,3289.15,3668.2051827773635,3099.6224086113184,3668.2051827773635,0.11190339432043345,Win
SUNDARMFIN,2023-04-25,2023-04-25,2023-05-09,2348.9,2381.95,2240.936472011262,2564.827055977476,0.01103276117370619,TimeStop
DALBHARAT,2023-04-26,2023-04-26,2023-05-09,1934.05,2119.0244405430235,1841.5627797284883,2119.0244405430235,0.09235898169612192,Win
TRENT,2023-05-01,2023-05-01,2023-05-15,1367.75,1508.6427243276007,1297.3036378361996,1508.6427243276007,0.09970650694848554,Win
ULTRACEMCO,2023-05-03,2023-05-03,2023-05-17,7507.2,7700.45,7253.987370521057,8013.625258957885,0.022669337452687188,TimeStop
AJANTPHARM,2023-05-08,2023-05-08,2023-05-22,1278.7,1313.55,1208.3941978741113,1419.3116042517775,0.02417709558287103,TimeStop
CANBK,2023-05-10,2023-05-10,2023-05-24,300.8,299.6,283.9751016561159,334.4497966877683,-0.006972918282151193,TimeStop
LT,2023-05-15,2023-05-15,2023-05-29,2246.85,2224.55,2148.417692716393,2443.7146145672136,-0.012890782436843792,TimeStop
JKCEMENT,2023-05-25,2023-05-25,2023-05-30,2973.55,3243.449011886044,2838.6004940569783,3243.449011886044,0.08749919742746866,Win
ONGC,2023-05-29,2023-05-29,2023-05-31,159.0,152.5430980938993,152.5430980938993,171.91380381220145,-0.043483306821161735,Loss
ABCAPITAL,2023-05-19,2023-05-19,2023-06-02,163.9,172.55,153.69241686302007,184.3151662739599,0.04962248512527112,TimeStop
JSWSTEEL,2023-05-22,2023-05-22,2023-06-05,704.6,712.15,674.3643453322072,765.0713093355855,0.00768769496904222,TimeStop
AMBER,2023-05-24,2023-05-24,2023-06-07,2130.45,2133.85,1982.1475627947627,2427.054874410474,-0.0014043803219574594,TimeStop
ICICIGI,2023-05-30,2023-05-30,2023-06-13,1184.65,1219.8,1125.3170736192087,1303.3158527615828,0.02658682385403439,TimeStop
BBTC,2023-05-31,2023-05-31,2023-06-13,958.4,1072.512042388439,901.3439788057804,1072.512042388439,0.1157129855351118,Win
COALINDIA,2023-06-02,2023-06-02,2023-06-16,230.9,228.55,220.92965744462757,250.84068511074486,-0.013142585818111169,TimeStop
ANANDRATHI,2023-06-09,2023-06-09,2023-06-23,871.05,861.0,843.6626812229352,925.8246375541294,-0.014498744392452075,TimeStop
POLICYBZR,2023-06-15,2023-06-15,2023-06-29,644.85,693.1,597.339213751952,739.871572496096,0.0716039610430055,TimeStop
BALRAMCHIN,2023-06-15,2023-06-15,2023-06-29,391.0,381.45,370.1689905248012,432.6620189503976,-0.02734689525813574,TimeStop
LTTS,2023-06-26,2023-06-26,2023-07-10,3812.55,3918.65,3631.032847251843,4175.584305496314,0.024750274098366984,TimeStop
CRISIL,2023-06-26,2023-06-26,2023-07-10,3882.0,3824.25,3657.6691346978555,4330.661730604289,-0.01782729692169635,TimeStop
REDINGTON,2023-06-30,2023-06-30,2023-07-14,186.0,182.25,176.04974281717404,205.90051436565193,-0.02309640378142455,TimeStop
SCHAEFFLER,2023-06-30,2023-06-30,2023-07-14,3097.55,3100.3,2932.145222129943,3428.359555740115,-0.002110367724711877,TimeStop
NHPC,2023-07-10,2023-07-10,2023-07-24,46.0,50.49519280823115,43.752403595884424,50.49519280823115,0.09443335038787054,Win
FSL,2023-07-10,2023-07-10,2023-07-24,127.25,138.45,119.57242652319727,142.60514695360547,0.08475655867868129,TimeStop
BIOCON,2023-07-10,2023-07-10,2023-07-24,254.7,249.5,242.0408693748902,280.01826125021955,-0.023350525840606966,TimeStop
ANANDRATHI,2023-07-14,2023-07-14,2023-07-28,1042.8,1141.15,981.1228895055611,1166.1542209888776,0.09103536390849114,TimeStop
AUBANK,2023-07-24,2023-07-24,2023-08-07,739.15,725.95,700.4748724437217,816.5002551125566,-0.02080036273804135,TimeStop
ULTRACEMCO,2023-07-24,2023-07-24,2023-08-07,8219.85,8175.45,7932.948357031349,8793.653285937304,-0.008380884757828291,TimeStop
RAMCOCEM,2023-08-07,2023-08-07,2023-08-08,874.15,829.1755736544633,829.1755736544633,964.0988526910735,-0.054290713681829174,Loss
WHIRLPOOL,2023-07-28,2023-07-28,2023-08-10,1435.6,1537.5719340185847,1384.6140329907075,1537.5719340185847,0.0678226016489037,Win
APARINDS,2023-07-28,2023-07-28,2023-08-11,3858.15,4061.75,3530.5795101155973,4513.290979768805,0.04961782214254273,TimeStop
TORNTPOWER,2023-07-28,2023-07-28,2023-08-11,671.8,639.9,626.9066901192751,761.5866197614497,-0.0503376373367902,TimeStop
RAINBOW,2023-08-07,2023-08-07,2023-08-21,1080.2,1101.3,993.5049775057694,1253.5900449884614,0.016479400506719945,TimeStop
IRCTC,2023-08-10,2023-08-10,2023-08-24,646.45,659.6,621.9017982021928,695.5464035956145,0.01728542618047558,TimeStop
ULTRACEMCO,2023-08-11,2023-08-11,2023-08-25,8132.95,8071.45,7880.337615411085,8638.17476917783,-0.010534687029391102,TimeStop
JBMA,2023-08-14,2023-08-14,2023-08-28,1311.1,1555.55,1169.8550081563585,1593.5899836872827,0.18289248683606438,TimeStop
OLECTRA,2023-08-14,2023-08-14,2023-08-28,1123.75,1200.7,988.1903404318173,1394.8693191363654,0.06527545722572976,TimeStop
DEVYANI,2023-08-31,2023-08-31,2023-09-05,195.65,216.66940723872318,185.1402963806384,216.66940723872318,0.10411639442377509,Win
CDSL,2023-09-01,2023-09-01,2023-09-08,1141.45,1258.4075475352845,1082.9712262323578,1258.4075475352845,0.09916157452811239,Win
MUTHOOTFIN,2023-08-28,2023-08-28,2023-09-11,1288.0,1296.55,1227.6826736650414,1408.6346526699174,0.003622807248754121,TimeStop
SIEMENS,2023-08-31,2023-08-31,2023-09-14,3922.1,3828.15,3751.6462375039614,4263.007524992077,-0.026877756591191054,TimeStop
JSWSTEEL,2023-09-01,2023-09-01,2023-09-15,806.4,812.85,774.0799538751277,871.0400922497446,0.004979045568552055,TimeStop
ADANIENT,2023-09-06,2023-09-06,2023-09-20,2496.5,2470.3,2339.554549720699,2810.390900558602,-0.013458762387162312,TimeStop
ICICIGI,2023-09-18,2023-09-18,2023-09-22,1378.2,1324.1524574382875,1324.1524574382875,1486.2950851234255,-0.042094072103186164,Loss
CRISIL,2023-09-11,2023-09-11,2023-09-25,3925.85,3888.1,3729.11601472436,4319.317970551279,-0.012582454692707828,TimeStop
BALKRISIND,2023-09-11,2023-09-11,2023-09-25,2432.4,2562.35,2338.7103344520806,2619.7793310958386,0.050269060723993786,TimeStop
INOXWIND,2023-09-20,2023-09-20,2023-10-04,198.75,193.8,180.75040622795376,234.74918754409248,-0.027826562043726733,TimeStop
MARICO,2023-10-04,2023-10-04,2023-10-05,570.85,546.1135121309172,546.1135121309172,620.3229757381656,-0.046198431418789494,Loss
3MINDIA,2023-09-22,2023-09-22,2023-10-06,31285.1,31150.1,29378.520773147808,35098.25845370438,-0.007297733889239685,TimeStop
CHOLAHLDNG,2023-09-22,2023-09-22,2023-10-06,1194.3,1136.1,1094.717974046068,1393.4640519078637,-0.051581005783462655,TimeStop
SONATSOFTW,2023-09-25,2023-09-25,2023-10-09,1090.25,1042.9,1022.3911441766195,1225.967711646761,-0.04629581653660289,TimeStop
JWL,2023-09-26,2023-09-26,2023-10-10,302.8,297.1,262.1659525475137,384.0680949049726,-0.021763424875896206,TimeStop
AAVAS,2023-10-09,2023-10-09,2023-10-13,1764.7,1660.7265828075517,1660.7265828075517,1972.6468343848967,-0.06173748221474641,Loss
MINDACORP,2023-10-05,2023-10-05,2023-10-19,325.95,367.0853356042194,305.38233219789026,367.0853356042194,0.12282782330818268,Win
GPIL,2023-10-06,2023-10-06,2023-10-20,603.6,623.5,562.0433015325929,686.7133969348143,0.029874588382502447,TimeStop
UBL,2023-10-10,2023-10-10,2023-10-24,1581.95,1629.05,1520.6616288478895,1704.526742304221,0.026688687850679033,TimeStop
CANFINHOME,2023-10-19,2023-10-19,2023-10-25,765.1,725.9438073547639,725.9438073547639,843.4123852904723,-0.05402007869944951,Loss
CONCOR,2023-10-19,2023-10-19,2023-10-26,713.45,683.4521491020228,683.4521491020228,773.4457017959546,-0.04491574240241764,Loss
M&M,2023-10-25,2023-10-25,2023-10-26,1569.1,1509.374754255552,1509.374754255552,1688.5504914888957,-0.04094486520543014,Loss
HCLTECH,2023-10-13,2023-10-13,2023-10-27,1255.9,1268.7,1201.8146300050669,1364.0707399898663,0.007165857631261439,TimeStop
TATACONSUM,2023-10-20,2023-10-20,2023-11-03,898.95,913.7,864.6925041912377,967.4649916175246,0.0133633744832998,TimeStop
MOTILALOFS,2023-10-25,2023-10-25,2023-11-08,949.85,1011.75,866.4693649431324,1116.6112701137354,0.061977465974539216,TimeStop
ABSLAMC,2023-10-26,2023-10-26,2023-11-09,444.3,455.85,420.13341643938736,492.63316712122537,0.022922570903941286,TimeStop
ADANIPOWER,2023-10-30,2023-10-30,2023-11-13,357.95,390.6,321.1505981440946,431.54880371181076,0.08794511822153642,TimeStop
ESCORTS,2023-11-03,2023-11-03,2023-11-17,3076.45,3239.25,2895.822885488628,3437.7042290227437,0.04976411279000498,TimeStop
ICICIGI,2023-11-13,2023-11-13,2023-11-17,1359.1,1468.7844094685447,1304.2577952657275,1468.7844094685447,0.07746645270438976,Win
HINDALCO,2023-11-08,2023-11-08,2023-11-22,488.05,500.25,464.3674864929508,535.4150270140985,0.021927052050752918,TimeStop
TITAN,2023-11-10,2023-11-10,2023-11-24,3256.35,3396.95,3139.5642476811972,3489.9215046376057,0.04005233263621221,TimeStop
UBL,2023-11-23,2023-11-23,2023-12-05,1605.3,1718.5685151115176,1548.665742444241,1718.5685151115176,0.06735222795834928,Win
ADANIGREEN,2023-11-30,2023-11-30,2023-12-05,1028.8,1187.8212085656817,949.2893957171591,1187.8212085656817,0.1511110829409397,Win
BALKRISIND,2023-11-24,2023-11-24,2023-12-08,2570.85,2605.65,2456.6664051680104,2799.217189663979,0.010500323964138535,TimeStop
J&KBANK,2023-11-30,2023-11-30,2023-12-11,109.5,124.82158630896244,101.83920684551877,124.82158630896244,0.1365085151222845,Win
INDUSINDBK,2023-11-29,2023-11-29,2023-12-13,1483.55,1506.9,1433.570341742052,1583.5093165158958,0.012696620197269737,TimeStop
ZFCVINDIA,2023-12-05,2023-12-05,2023-12-13,16469.95,15458.046327773185,15458.046327773185,18493.757344453632,-0.06425085408196116,Loss
JINDALSAW,2023-12-06,2023-12-06,2023-12-20,456.3,413.4736694814211,413.4736694814211,541.9526610371579,-0.09657000587832042,Loss
JWL,2023-12-11,2023-12-11,2023-12-25,316.5,323.7,287.7543646347855,373.99127073042905,0.019685164196832618,TimeStop
AMBER,2023-12-11,2023-12-11,2023-12-25,3134.75,3051.55,2909.8161236587116,3584.6177526825772,-0.029457193904493705,TimeStop
DMART,2023-12-13,2023-12-13,2023-12-27,4033.05,4027.45,3858.7750129590436,4381.599974081913,-0.004379874690264403,TimeStop
ONGC,2023-12-14,2023-12-14,2023-12-28,195.95,208.3,186.85716317972037,214.13567364055922,0.05984197982179595,TimeStop
GILLETTE,2024-01-02,2024-01-02,2024-01-08,6476.25,7047.950344488521,6190.399827755739,7047.950344488521,0.08501650827704221,Win
CCL,2023-12-26,2023-12-26,2024-01-09,640.1,635.4,604.4084762838601,711.4830474322799,-0.010316114642284336,TimeStop
ELECON,2023-12-26,2023-12-26,2024-01-09,940.25,1004.95,865.2514396599465,1090.247120680107,0.06560985429592925,TimeStop
BANDHANBNK,2023-12-28,2023-12-28,2024-01-11,239.35,232.8,225.93562683482133,266.17874633035734,-0.03027931468162278,TimeStop
OFSS,2023-12-29,2023-12-29,2024-01-12,4212.8,4594.915021697131,4021.7424891514347,4594.915021697131,0.08743612865087699,Win
HINDZINC,2024-01-15,2024-01-15,2024-01-18,321.75,311.0221765951857,311.0221765951857,343.20564680962855,-0.03623773871347465,Loss
GRAVITA,2024-01-10,2024-01-10,2024-01-23,1043.5,971.0136406452266,971.0136406452266,1188.4727187095468,-0.07225207212252183,Loss
CARBORUNIV,2024-01-10,2024-01-10,2024-01-24,1144.95,1177.2,1076.1429749086637,1282.5640501826726,0.025087287187913313,TimeStop
COROMANDEL,2024-01-10,2024-01-10,2024-01-24,1166.65,1150.15,1104.3231092984734,1291.3037814030533,-0.017096200297334038,TimeStop
M&M,2024-01-12,2024-01-12,2024-01-26,1624.45,1635.5,1554.27424586539,1764.8015082692204,0.003786419235377907,TimeStop
CONCOR,2024-01-18,2024-01-18,2024-02-01,843.65,921.2,788.0923709449353,954.7652581101293,0.08865114584390826,TimeStop
SHREECEM,2024-01-24,2024-01-24,2024-02-01,27635.15,30232.009745234252,26336.720127382876,30232.009745234252,0.09069245349788138,Win
CANBK,2024-01-24,2024-01-24,2024-02-02,454.3,509.51988687874405,426.69005656062797,509.51988687874405,0.11818977905236767,Win
CARBORUNIV,2024-01-24,2024-01-24,2024-02-05,1177.2,1105.9899452930656,1105.9899452930656,1319.6201094138692,-0.06330534747053228,Loss
JINDALSTEL,2024-01-26,2024-01-26,2024-02-07,716.3,800.5197137717036,674.1901431141482,800.5197137717036,0.11422832831730495,Win
AUROPHARMA,2024-02-02,2024-02-02,2024-02-07,1066.75,985.0811971397538,985.0811971397538,1230.0876057204923,-0.0793246967195851,Loss
SCHAEFFLER,2024-02-02,2024-02-02,2024-02-13,3131.2,2959.7990707634435,2959.7990707634435,3474.001858473112,-0.05757122742135571,Loss
TECHNOE,2024-02-08,2024-02-08,2024-02-13,804.15,738.1249885495893,738.1249885495893,936.2000229008215,-0.08485490247900555,Loss
ALKEM,2024-02-02,2024-02-02,2024-02-16,4917.7,5434.892959891498,4659.103520054251,5434.892959891498,0.10185914175316955,Win
RADICO,2024-02-05,2024-02-05,2024-02-19,1736.7,1720.9,1630.648428200134,1948.8031435997318,-0.012065968531512055,TimeStop
BHEL,2024-02-13,2024-02-13,2024-02-27,213.35,222.6,192.22930792346068,255.59138415307865,0.04023060791985204,TimeStop
INOXWIND,2024-02-13,2024-02-13,2024-02-27,514.65,627.85,441.64550613102455,660.6589877379508,0.2163009250818226,TimeStop
SOBHA,2024-02-16,2024-02-16,2024-03-01,1442.9,1598.0,1267.4909979805916,1793.718004038817,0.1041743573564734,TimeStop
KAYNES,2024-02-21,2024-02-21,2024-03-06,2811.05,3085.3,2556.5502514155664,3320.0494971688677,0.09427365683834026,TimeStop
BAJAJHLDNG,2024-02-29,2024-02-29,2024-03-07,9149.6,8631.351909280036,8631.351909280036,10186.09618143993,-0.05946744814402568,Loss
KIMS,2024-03-01,2024-03-01,2024-03-11,2215.35,2078.5630351250265,2078.5630351250265,2488.923929749947,-0.06455562979031623,Loss
POLYMED,2024-02-27,2024-02-27,2024-03-12,1625.3,1495.6958870371789,1495.6958870371789,1884.5082259256424,-0.08249829574433447,Loss
APARINDS,2024-03-06,2024-03-06,2024-03-14,6070.15,5573.804549609175,5573.804549609175,7062.840900781648,-0.0845188042282331,Loss
APOLLOHOSP,2024-03-01,2024-03-01,2024-03-15,6085.4,5983.2,5748.636774660235,6758.92645067953,-0.019739493858433387,TimeStop
LTTS,2024-03-07,2024-03-07,2024-03-21,5301.15,5457.5,5050.053770942394,5803.342458115209,0.02640974542637921,TimeStop
CGPOWER,2024-03-11,2024-03-11,2024-03-21,469.45,542.0314972972576,433.15925135137115,542.0314972972576,0.1511510028626497,Win
GODREJCP,2024-03-14,2024-03-14,2024-03-28,1227.4,1251.8,1162.757462994053,1356.6850740118944,0.016824364235787235,TimeStop
ADANIENT,2024-03-15,2024-03-15,2024-03-29,3132.2,3197.1,2927.6440896231265,3541.3118207537464,0.01766268609983309,TimeStop
IPCALAB,2024-03-21,2024-03-21,2024-04-04,1174.15,1276.15,1095.8371757569575,1330.7756484860852,0.08361562327972508,TimeStop
APOLLOHOSP,2024-03-22,2024-03-22,2024-04-05,6375.9,6397.75,6071.571290784296,6984.557418431406,0.0004211949301068685,TimeStop
DELHIVERY,2024-03-26,2024-03-26,2024-04-09,456.95,445.4,421.8742768117285,527.1014463765429,-0.028196079881709336,TimeStop
TORNTPHARM,2024-03-28,2024-03-28,2024-04-11,2600.6,2578.95,2465.8408320193084,2870.118335961383,-0.011295571063154496,TimeStop
VBL,2024-03-29,2024-03-29,2024-04-12,1398.6,1385.85,1320.3304555777986,1555.1390888444027,-0.012084458040523894,TimeStop
DRREDDY,2024-04-04,2024-04-04,2024-04-18,6142.5,5957.15,5891.314203773248,6644.8715924535045,-0.033080127468544926,TimeStop
SJVN,2024-04-05,2024-04-05,2024-04-19,135.4,124.2,121.23861990188497,163.72276019623007,-0.08546559776288298,TimeStop
ESCORTS,2024-04-15,2024-04-15,2024-04-26,2999.25,3295.5392593396964,2851.105370330152,3295.5392593396964,0.09549635718155253,Win
COLPAL,2024-04-15,2024-04-15,2024-04-29,2673.3,2823.8,2524.547816655587,2970.804366688826,0.0531333139071179,TimeStop
JUBLPHARMA,2024-04-15,2024-04-15,2024-04-29,650.8,685.9,602.8449139330478,746.7101721339042,0.05077655489721785,TimeStop
CHALET,2024-04-19,2024-04-19,2024-05-03,879.65,868.1,807.437546185792,1024.074907628416,-0.016086397318136304,TimeStop
ADANIPORTS,2024-05-02,2024-05-02,2024-05-06,1338.8,1281.3043640563767,1281.3043640563767,1453.7912718872467,-0.045812512550048284,Loss
POONAWALLA,2024-05-02,2024-05-02,2024-05-09,492.25,461.4847688541755,461.4847688541755,553.780462291649,-0.06530748985532517,Loss
LAURUSLABS,2024-04-26,2024-04-26,2024-05-10,436.95,437.55,405.8105253628668,499.2289492742663,-0.001626465211211664,TimeStop
SPLPETRO,2024-04-26,2024-04-26,2024-05-10,691.55,718.05,630.2149300948162,814.2201398103675,0.03520942286952778,TimeStop
ASAHIINDIA,2024-05-06,2024-05-06,2024-05-13,640.2,599.8133525519071,599.8133525519071,720.9732948961861,-0.06589095968187804,Loss
CHALET,2024-05-10,2024-05-10,2024-05-15,832.15,759.5721835164119,759.5721835164119,977.305632967176,-0.08995147518926232,Loss
NHPC,2024-05-10,2024-05-10,2024-05-24,94.5,102.45,86.63123123559242,110.23753752881514,0.08087947443913504,TimeStop
GRASIM,2024-05-10,2024-05-10,2024-05-24,2377.15,2441.0,2268.075831805547,2595.298336388907,0.02378392951556628,TimeStop
TATAPOWER,2024-05-10,2024-05-10,2024-05-24,414.85,447.2,389.77244427449847,465.00511145100313,0.07475089643466577,TimeStop
GLENMARK,2024-05-24,2024-05-24,2024-05-28,1036.0,1152.235651944954,977.882174027523,1152.235651944954,0.10886498289923856,Win
JUBLINGREA,2024-05-15,2024-05-15,2024-05-29,548.5,497.27549474775793,497.27549474775793,650.9490105044841,-0.0961059204163012,Loss
KALYANKJIL,2024-05-27,2024-05-27,2024-05-31,406.45,380.3302566189819,380.3302566189819,458.6894867620362,-0.06706612185534368,Loss
CHAMBLFERT,2024-05-24,2024-05-24,2024-06-04,405.95,379.2360372539611,379.2360372539611,459.3779254920777,-0.06860442628807081,Loss
PNB,2024-05-27,2024-05-27,2024-06-04,129.55,121.77074092515309,121.77074092515309,145.10851814969385,-0.06286394558093132,Loss
NYKAA,2024-05-28,2024-05-28,2024-06-04,166.05,154.26319622809146,154.26319622809146,189.62360754381712,-0.07376633674150429,Loss
PIDILITIND,2024-05-31,2024-05-31,2024-06-05,2969.5,3230.089978168138,2839.205010915931,3230.089978168138,0.08449712809162606,Win
BIKAJI,2024-06-04,2024-06-04,2024-06-07,578.55,671.795734080794,531.9271329596029,671.795734080794,0.15769313876333177,Win
CHOLAHLDNG,2024-05-29,2024-05-29,2024-06-12,1134.05,1243.9,1053.6829607938178,1294.7840784123646,0.09357955043097806,TimeStop
BAJAJ-AUTO,2024-06-04,2024-06-04,2024-06-18,9246.75,9918.2,8778.106355399455,10184.037289201091,0.06940167789249418,TimeStop
ABB,2024-06-05,2024-06-05,2024-06-19,7812.7,8544.0,7091.517704664852,9255.064590670296,0.09032810557353783,TimeStop
BHARATFORG,2024-06-05,2024-06-05,2024-06-19,1501.4,1703.4,1374.7017882457262,1754.7964235085478,0.1311425694813315,TimeStop
LAURUSLABS,2024-06-07,2024-06-07,2024-06-21,437.75,430.0,405.5583304289797,502.1333391420406,-0.020646642828447224,TimeStop
HINDUNILVR,2024-06-13,2024-06-13,2024-06-27,2487.4,2462.15,2365.7764990456344,2730.647001908732,-0.013116260721886517,TimeStop
360ONE,2024-06-18,2024-06-18,2024-06-27,809.9,935.0817522188365,747.3091238905818,935.0817522188365,0.1511059495341606,Win
KEI,2024-06-20,2024-06-20,2024-07-04,4422.25,4685.8,3978.892956076436,5308.964087847128,0.05642233128344681,TimeStop
BAJAJHLDNG,2024-06-28,2024-06-28,2024-07-04,8536.25,9432.135132640647,8088.307433679676,9432.135132640647,0.10164078000050013,Win
IRCON,2024-06-21,2024-06-21,2024-07-05,276.4,307.75,247.94408573784025,333.3118285243194,0.11008731114616081,TimeStop
CAPLIPOINT,2024-06-27,2024-06-27,2024-07-11,1478.2,1517.1,1382.2040711429959,1670.1918577140082,0.02324145360906011,TimeStop
CIPLA,2024-06-27,2024-06-27,2024-07-11,1480.9,1506.0,1418.8261140581644,1605.0477718836714,0.01390287450180652,TimeStop
VIJAYA,2024-07-09,2024-07-09,2024-07-18,816.85,754.8946293071355,754.8946293071355,940.7607413857291,-0.07861499986883878,Loss
BLUESTARCO,2024-07-05,2024-07-05,2024-07-19,1705.25,1640.05,1566.7520782564488,1982.2458434871025,-0.041115836873629706,TimeStop
NHPC,2024-07-10,2024-07-10,2024-07-23,108.82,101.7232761367315,101.7232761367315,123.01344772653698,-0.06801540730141324,Loss
BAJAJ-AUTO,2024-07-18,2024-07-18,2024-07-23,9626.2,9181.842507990663,9181.842507990663,10514.914984018676,-0.049018487370575355,Loss
NH,2024-07-15,2024-07-15,2024-07-29,1247.05,1278.05,1180.3858107772355,1380.3783784455288,0.021788695410034392,TimeStop
ASHOKLEY,2024-07-23,2024-07-23,2024-07-29,229.63,256.3570037346805,216.26649813265973,256.3570037346805,0.11304744415875648,Win
APOLLOTYRE,2024-07-19,2024-07-19,2024-08-02,525.6,536.65,490.9965912579238,594.8068174841525,0.01796510903355757,TimeStop
INDIGO,2024-07-29,2024-07-29,2024-08-05,4439.3,4212.799505264934,4212.799505264934,4892.300989470134,-0.05386433988396655,Loss
BHARATFORG,2024-07-23,2024-07-23,2024-08-06,1598.7,1517.45,1487.2264898226113,1821.6470203547774,-0.05366581078529199,TimeStop
DCMSHRIRAM,2024-08-05,2024-08-05,2024-08-08,1048.15,1183.9754410061814,980.2372794969094,1183.9754410061814,0.12620219872421196,Win
TIINDIA,2024-07-29,2024-07-29,2024-08-12,4158.55,3918.2,3814.2009756912053,4847.24804861759,-0.06061896442467634,TimeStop
AMBER,2024-08-02,2024-08-02,2024-08-14,4389.5,4018.4334917918113,4018.4334917918113,5131.633016416377,-0.08727731013023145,Loss
MAPMYINDIA,2024-08-12,2024-08-12,2024-08-14,2317.9,2097.025821189612,2097.025821189612,2759.648357620776,-0.09800070485848612,Loss
CLEAN,2024-08-02,2024-08-02,2024-08-16,1649.8,1577.35,1516.6942553983736,1916.0114892032525,-0.04677837468551679,TimeStop
MRF,2024-08-08,2024-08-08,2024-08-22,140391.55,139614.55,132702.2366343838,155770.17673123238,-0.00851344917490925,TimeStop
GLAND,2024-08-08,2024-08-08,2024-08-22,2027.55,1900.25,1854.0946666840027,2374.4606666319946,-0.0655925682140891,TimeStop
BLUESTARCO,2024-08-14,2024-08-14,2024-08-28,1723.75,1746.65,1573.8571248012365,2023.5357503975267,0.010249687108206486,TimeStop
HAL,2024-08-16,2024-08-16,2024-08-30,4769.8,4679.95,4420.665071410166,5468.069857179669,-0.02177634738717535,TimeStop
STARHEALTH,2024-08-16,2024-08-16,2024-08-30,580.6,628.65,544.9251536057584,651.9496927884834,0.07951580208055126,TimeStop
TEJASNET,2024-08-27,2024-08-27,2024-09-10,1334.25,1283.7,1216.159070700595,1570.4318585988099,-0.04076847067790664,TimeStop
ADANIPORTS,2024-08-29,2024-08-29,2024-09-12,1476.05,1472.6,1410.999862880664,1606.1502742386715,-0.005325824480987943,TimeStop
ULTRACEMCO,2024-08-29,2024-08-29,2024-09-12,11222.0,11710.25,10791.83632864246,12082.327342715082,0.04038245118510074,TimeStop
KPIL,2024-08-30,2024-08-30,2024-09-13,1347.55,1380.8,1251.2005431456116,1540.2489137087766,0.021604990014143916,TimeStop
LLOYDSME,2024-09-02,2024-09-02,2024-09-16,766.35,790.0,710.3539151247244,878.3421697505513,0.02777262305146051,TimeStop
DRREDDY,2024-09-12,2024-09-12,2024-09-26,6683.85,6744.4,6441.156478838385,7169.237042323232,0.006036506555874922,TimeStop
CLEAN,2024-09-16,2024-09-16,2024-09-30,1590.4,1576.5,1497.0693006992133,1777.0613986015737,-0.011709265829625854,TimeStop
HOMEFIRST,2024-09-17,2024-09-17,2024-10-01,1175.0,1184.45,1060.0932605082864,1404.8134789834269,0.0050229549293083,TimeStop
ABFRL,2024-09-19,2024-09-19,2024-10-03,336.55,344.35,318.1690653566245,373.31186928675106,0.020111416592241246,TimeStop
ZENTEC,2024-09-19,2024-09-19,2024-10-03,1680.55,1663.5,1550.6296867012304,1940.390626597539,-0.013110603946212397,TimeStop
MAXHEALTH,2024-09-26,2024-09-26,2024-10-04,997.35,913.6216772994916,913.6216772994916,1164.8066454010168,-0.08669482387583982,Loss
FIVESTAR,2024-10-01,2024-10-01,2024-10-15,825.35,894.75,762.3515542788684,951.3468914422632,0.08083815392801037,TimeStop
ANGELONE,2024-10-03,2024-10-03,2024-10-16,2742.15,3264.4989350495925,2480.9755324752036,3264.4989350495925,0.1869227090010711,Win
GODREJIND,2024-10-04,2024-10-04,2024-10-16,1113.35,1022.1004727685586,1022.1004727685586,1295.8490544628826,-0.08470942299049224,Loss
APTUS,2024-10-04,2024-10-04,2024-10-18,359.5,374.25,334.6211998715444,409.2576002569112,0.03791079722558016,TimeStop
TEGA,2024-10-07,2024-10-07,2024-10-21,1895.5,1815.7,1739.263141000876,2207.973717998248,-0.044969106614412335,TimeStop
NUVOCO,2024-10-16,2024-10-16,2024-10-21,362.55,342.830616961685,342.830616961685,401.98876607663004,-0.05722337460230154,Loss
INDIGO,2024-10-15,2024-10-15,2024-10-22,4756.45,4509.768960741985,4509.768960741985,5249.81207851603,-0.054702579145216354,Loss
LAURUSLABS,2024-10-16,2024-10-16,2024-10-22,480.3,451.2015628170325,451.2015628170325,538.496874365935,-0.06339790652807602,Loss
M&M,2024-10-21,2024-10-21,2024-10-23,2998.2,2819.3080249225636,2819.3080249225636,3355.983950154872,-0.06248323369619034,Loss
CEATLTD,2024-10-21,2024-10-21,2024-10-25,2971.5,2723.259787754406,2723.259787754406,3467.9804244911884,-0.08628563193480888,Loss
SHRIRAMFIN,2024-10-24,2024-10-24,2024-10-25,3245.1,3036.1624370115837,3036.1624370115837,3662.9751259768323,-0.0671881939021557,Loss
ABBOTINDIA,2024-10-18,2024-10-18,2024-10-28,29209.55,28030.833155917688,28030.833155917688,31566.98368816462,-0.043228443907064644,Loss
INFY,2024-10-28,2024-10-28,2024-10-31,1865.35,1783.3659138734663,1783.3659138734663,2029.318172253067,-0.04681489840578546,Loss
GODFRYPHLP,2024-10-23,2024-10-23,2024-11-06,6838.45,7106.85,6139.035880466623,8237.278239066753,0.03613558378369544,TimeStop
HDFCBANK,2024-10-23,2024-10-23,2024-11-06,1735.8,1755.25,1670.3333027835374,1866.7333944329253,0.008176135957372798,TimeStop
BOSCHLTD,2024-10-29,2024-10-29,2024-11-12,36416.55,34513.87916380887,34513.87916380887,40221.89167238226,-0.05508642070284169,Loss
LAURUSLABS,2024-10-29,2024-10-29,2024-11-12,488.65,489.55,450.97674025863336,563.9965194827332,-0.0011592148255666884,TimeStop
NMDC,2024-11-06,2024-11-06,2024-11-12,241.06,223.73020795080683,223.73020795080683,275.71958409838635,-0.07467011281434845,Loss
VEDL,2024-11-06,2024-11-06,2024-11-12,474.0,445.0079812954758,445.0079812954758,531.9840374090484,-0.06397688420210909,Loss
KALYANKJIL,2024-11-06,2024-11-06,2024-11-20,700.0,701.35,638.1292649108389,823.7414701783224,-0.001072712360031386,TimeStop
MAXHEALTH,2024-11-29,2024-11-29,2024-12-10,979.75,1129.3518296374348,904.9490851812826,1129.3518296374348,0.14924097843332346,Win
PFOCUS,2024-11-28,2024-11-28,2024-12-12,127.5,126.11,114.79089254712423,152.91821490575154,-0.013864810627196458,TimeStop
KPRMILL,2024-11-29,2024-11-29,2024-12-13,978.8,1080.35,910.3503887500693,1115.6992224998612,0.10044320013645235,TimeStop
PAGEIND,2024-12-03,2024-12-03,2024-12-17,46143.25,49212.85,43786.60845726413,50856.53308547174,0.0633284949832488,TimeStop
DIVISLAB,2024-12-05,2024-12-05,2024-12-19,6096.2,5820.75,5775.081826413145,6738.43634717371,-0.04804404315085049,TimeStop
NAVINFLUOR,2024-12-13,2024-12-13,2024-12-20,3557.6,3357.708075468465,3357.708075468465,3957.38384906307,-0.05901449339503718,Loss
AMBER,2024-12-19,2024-12-19,2024-12-23,6093.4,6954.986336676648,5662.606831661676,6954.986336676648,0.13797758693492782,Win
ABSLAMC,2024-12-13,2024-12-13,2024-12-27,832.5,816.65,773.0311033969111,951.4377932061778,-0.021977514209166826,TimeStop
NUVOCO,2024-12-13,2024-12-13,2024-12-27,365.55,352.75,343.8538765731465,408.94224685370705,-0.037906346607840966,TimeStop
IFCI,2024-12-19,2024-12-19,2025-01-02,63.9,62.02,57.87713095375864,75.94573809248271,-0.03232834629120482,TimeStop
NH,2024-12-23,2024-12-23,2025-01-06,1309.65,1311.55,1245.5973095093323,1437.7553809813357,-0.0015490832395700538,TimeStop
GRANULES,2024-12-26,2024-12-26,2025-01-09,592.95,606.0,551.7110507344339,675.4278985311323,0.018947167409775607,TimeStop
HCLTECH,2024-12-30,2024-12-30,2025-01-13,1928.95,1989.4,1847.5599774087773,2091.7300451824453,0.028248912046275144,TimeStop
INFY,2024-12-30,2024-12-30,2025-01-13,1906.0,1962.2,1818.8520865641897,2080.2958268716206,0.026402002452774135,TimeStop
OFSS,2025-01-08,2025-01-08,2025-01-13,11979.85,11149.255340442656,11149.255340442656,13641.03931911469,-0.07212046303371054,Loss
VIJAYA,2025-01-03,2025-01-03,2025-01-17,1113.1,1082.3,1010.9296622302501,1317.4406755394996,-0.030583089519884265,TimeStop
CARTRADE,2025-04-02,2025-04-02,2025-04-07,1648.2,1465.7764159195654,1465.7764159195654,2013.0471681608694,-0.11334445286584992,Loss
NAVINFLUOR,2025-04-03,2025-04-03,2025-04-07,4193.4,3887.0317980683053,3887.0317980683053,4806.136403863388,-0.07583627411670131,Loss
INDIANB,2025-04-03,2025-04-03,2025-04-22,549.2,582.8,512.8391472316267,621.9217055367466,0.05800112649670783,TimeStop
AAVAS,2025-04-11,2025-04-11,2025-04-29,2028.15,1991.2,1845.6649458904812,2393.120108219038,-0.021159506456854466,TimeStop
BLUEJET,2025-04-24,2025-04-24,2025-05-09,764.45,725.65,668.8846262932254,955.5807474135493,-0.05359891355327549,TimeStop
NESTLEIND,2025-04-29,2025-04-29,2025-05-14,2387.5,2370.4,2278.197474576633,2606.1050508467342,-0.010136355675910124,TimeStop
BAJFINANCE,2025-05-02,2025-05-02,2025-05-16,8862.5,9167.0,8328.551009920908,9930.397980158186,0.031259823945323104,TimeStop
MEDANTA,2025-05-02,2025-05-02,2025-05-16,1202.8,1201.1,1115.9916500187812,1376.4166999624374,-0.00440464179022451,TimeStop
KFINTECH,2025-05-07,2025-05-07,2025-05-21,1103.3,1056.9,957.2415412409234,1395.416917518153,-0.04492517998131942,TimeStop
BANKINDIA,2025-05-09,2025-05-09,2025-05-23,110.22,117.06,101.3158485465502,128.0283029068996,0.058876301769447005,TimeStop
SUMICHEM,2025-05-26,2025-05-26,2025-05-29,534.05,500.6826020449364,500.6826020449364,600.7847959101271,-0.06528826151864989,Loss
POLYMED,2025-05-19,2025-05-19,2025-06-02,2441.9,2246.7,2205.845704290188,2914.0085914196234,-0.0826938060495973,TimeStop
BAJAJHLDNG,2025-05-21,2025-05-21,2025-06-04,13142.0,13414.0,11926.41335371427,15573.17329257146,0.017639497229577885,TimeStop
COCHINSHIP,2025-05-21,2025-05-21,2025-06-04,1838.8,2086.7,1599.1516405370985,2318.0967189258026,0.1314168349390206,TimeStop
GODREJIND,2025-05-30,2025-05-30,2025-06-06,1184.7,1334.256015450518,1109.9219922747411,1334.256015450518,0.12286590914450644,Win
SHREECEM,2025-05-29,2025-05-29,2025-06-12,29915.0,29690.0,28513.589502145565,32717.820995708873,-0.010494286983364203,TimeStop
AAVAS,2025-06-09,2025-06-09,2025-06-12,1936.6,1818.3458898981337,1818.3458898981337,2173.1082202037323,-0.06387533691547434,Loss
KAYNES,2025-06-04,2025-06-04,2025-06-18,5737.5,5720.0,5300.7887865471075,6610.922426905785,-0.006036479050487563,TimeStop
MINDACORP,2025-06-18,2025-06-18,2025-06-19,538.4,500.85334650079005,500.85334650079005,613.4933069984198,-0.07252407703259574,Loss
KPRMILL,2025-06-11,2025-06-11,2025-06-25,1126.1,1127.6,1046.0243399469741,1286.2513201060513,-0.0016674659443213164,TimeStop
RAINBOW,2025-06-12,2025-06-12,2025-06-26,1458.2,1509.0,1371.5509890572214,1631.4980218855574,0.03173760823584256,TimeStop
JUBLFOOD,2025-06-13,2025-06-13,2025-06-27,681.45,709.95,646.1178523171332,752.1142953657339,0.03870179762273813,TimeStop
SCI,2025-06-13,2025-06-13,2025-06-27,227.06,227.04,206.50687596454307,268.16624807091387,-0.003083325333500729,TimeStop
KOTAKBANK,2025-06-26,2025-06-26,2025-07-03,2203.9,2128.832397539419,2128.832397539419,2354.035204921162,-0.03695473218181711,Loss
EICHERMOT,2025-06-20,2025-06-20,2025-07-04,5525.0,5629.0,5324.677172308371,5925.645655383258,0.015771636662653122,TimeStop
BAJAJFINSV,2025-06-27,2025-06-27,2025-07-11,2044.0,2017.2,1951.2570664482912,2229.4858671034176,-0.01606777700377021,TimeStop
DMART,2025-07-03,2025-07-03,2025-07-11,4348.7,4132.340559979901,4132.340559979901,4781.418880040197,-0.05259914319659684,Loss
KPRMILL,2025-06-30,2025-06-30,2025-07-14,1141.0,1188.3,1067.262874666852,1288.474250666296,0.03833517908938512,TimeStop
APLAPOLLO,2025-07-01,2025-07-01,2025-07-15,1759.5,1723.5,1675.3038232452866,1927.8923535094268,-0.023394575655698056,TimeStop
AXISBANK,2025-07-07,2025-07-07,2025-07-18,1175.1,1132.925576425121,1132.925576425121,1259.4488471497573,-0.03877806975989636,Loss
PAGEIND,2025-07-14,2025-07-14,2025-07-18,48765.0,46519.73862464378,46519.73862464378,53255.522750712444,-0.04890006287181941,Loss
LALPATHLAB,2025-07-11,2025-07-11,2025-07-25,2926.5,3077.1,2776.64943433011,3226.20113133978,0.04831113145760597,TimeStop
SOBHA,2025-07-14,2025-07-14,2025-07-28,1544.9,1602.2,1446.936351037953,1740.8272979240942,0.033983169850053695,TimeStop
CHOLAHLDNG,2025-07-21,2025-07-21,2025-07-28,2115.8,1961.140019985909,1961.140019985909,2425.1199600281825,-0.07587417911042041,Loss
SBILIFE,2025-07-18,2025-07-18,2025-08-01,1788.4,1796.2,1726.7848596917124,1911.6302806165756,0.001352868929662974,TimeStop
AIIL,2025-07-25,2025-07-25,2025-08-08,2740.8,2843.6,2462.617480982526,3297.165038034948,0.03439943703825452,TimeStop
CARTRADE,2025-07-28,2025-07-28,2025-08-11,2066.9,2213.0,1883.4718379648396,2433.756324070321,0.06747832192395507,TimeStop
PTCIL,2025-08-08,2025-08-08,2025-08-11,15105.0,14293.915362682972,14293.915362682972,16727.169274634056,-0.05653109282524764,Loss
BEL,2025-07-29,2025-07-29,2025-08-12,388.25,380.35,370.60387243577827,423.54225512844346,-0.02328226912689553,TimeStop
ASIANPAINT,2025-08-01,2025-08-01,2025-08-18,2431.0,2587.4,2331.3134760852377,2630.3730478295247,0.061147439679641265,TimeStop
LTFOODS,2025-08-11,2025-08-11,2025-08-22,467.6,431.4722247827426,431.4722247827426,539.8555504345148,-0.08002620439407515,Loss
ERIS,2025-08-11,2025-08-11,2025-08-26,1723.3,1801.7,1579.30540997454,2011.2891800509196,0.042362325484094375,TimeStop
ICICIGI,2025-08-19,2025-08-19,2025-08-26,1952.9,1867.532473861067,1867.532473861067,2123.635052277866,-0.04657777267210185,Loss
LICI,2025-08-12,2025-08-12,2025-08-28,916.5,879.2964350411523,879.2964350411523,990.9071299176953,-0.04346699766107453,Loss
AIIL,2025-08-14,2025-08-14,2025-09-01,2897.7,3219.8,2619.682369453,3453.7352610939997,0.10782864596021052,TimeStop
GLAND,2025-08-22,2025-08-22,2025-09-08,1957.4,1878.1,1839.8309115945297,2192.538176810941,-0.04338707530815769,TimeStop
M&M,2025-09-01,2025-09-01,2025-09-08,3315.4,3628.7500781465515,3158.7249609267246,3628.7500781465515,0.09123488352237634,Win
ANURAS,2025-08-26,2025-08-26,2025-09-10,1124.3,1097.0,1065.6920673511777,1241.5158652976447,-0.027204545845112043,TimeStop
ENDURANCE,2025-08-28,2025-08-28,2025-09-11,2859.7,2925.7,2653.3889840296033,3272.3220319407933,0.020014702916775786,TimeStop
SBILIFE,2025-09-03,2025-09-03,2025-09-17,1810.7,1804.0,1749.1056963807437,1933.8886072385128,-0.006684649118441377,TimeStop
3MINDIA,2025-09-08,2025-09-08,2025-09-22,30835.0,29975.0,29290.719523987285,33923.56095202543,-0.030802345209281913,TimeStop
TITAN,2025-09-16,2025-09-16,2025-09-22,3556.8,3443.6393328306285,3443.6393328306285,3783.121334338743,-0.034715506073047846,Loss
GLAND,2025-09-09,2025-09-09,2025-09-23,1921.0,2017.2,1816.3942235269794,2130.211552946041,0.046932568352052846,TimeStop
UTIAMC,2025-09-22,2025-09-22,2025-09-26,1399.5,1332.4442968277915,1332.4442968277915,1533.611406344417,-0.05076602289666622,Loss
CREDITACC,2025-09-15,2025-09-15,2025-09-29,1322.1,1335.8,1242.3089434320102,1481.6821131359793,0.0073357553111374025,TimeStop
GODREJIND,2025-09-17,2025-09-17,2025-10-01,1217.7,1188.6,1149.6460880562333,1353.8078238875335,-0.026821433284908852,TimeStop
GODIGIT,2025-09-24,2025-09-24,2025-10-03,358.85,335.9161781080255,335.9161781080255,404.717643783949,-0.06671328150351181,Loss
PAYTM,2025-09-30,2025-09-30,2025-10-10,1123.8,1257.3925928014642,1057.0037035992677,1257.3925928014642,0.11552417228602921,Win
GALLANTT,2025-09-29,2025-09-29,2025-10-14,666.5,646.7,606.5021364540493,786.4957270919015,-0.032613944799230306,TimeStop
TORNTPHARM,2025-09-30,2025-09-30,2025-10-15,3603.2,3532.8,3454.4747382699297,3900.6505234601404,-0.02247516824230789,TimeStop
RBLBANK,2025-10-01,2025-10-01,2025-10-16,275.2,306.75,258.5341220123794,308.5317559752412,0.11130497204774235,TimeStop
PTCIL,2025-10-08,2025-10-08,2025-10-22,15968.0,17017.0,14814.292794956342,18275.414410087316,0.06250159455205963,TimeStop
SAILIFE,2025-10-10,2025-10-10,2025-10-24,861.45,895.05,811.716831314693,960.9163373706142,0.03589166137612313,TimeStop
LAURUSLABS,2025-10-14,2025-10-14,2025-10-28,877.95,959.65,828.6502860495851,976.5494279008299,0.08978342953136778,TimeStop
SBICARD,2025-10-24,2025-10-24,2025-10-30,928.95,885.305399636858,885.305399636858,1016.239200726284,-0.0498374924964911,Loss
CHENNPETRO,2025-10-20,2025-10-20,2025-10-31,775.85,894.7552683289167,716.3973658355417,894.7552683289167,0.1498034708926792,Win
SARDAEN,2025-10-20,2025-10-20,2025-11-03,526.25,546.15,487.0567731908572,604.6364536182856,0.03470594583184596,TimeStop
BDL,2025-10-31,2025-10-31,2025-11-06,1529.9,1454.3497054220672,1454.3497054220672,1681.0005891558658,-0.052230086229611034,Loss
JSWENERGY,2025-10-28,2025-10-28,2025-11-07,536.35,512.9168596871604,512.9168596871604,583.2162806256792,-0.046554649432340445,Loss
ESCORTS,2025-10-31,2025-10-31,2025-11-07,3786.5,3614.7530435903022,3614.7530435903022,4129.9939128193955,-0.04821734412117019,Loss
BRITANNIA,2025-10-30,2025-10-30,2025-11-13,5859.5,5851.5,5640.661068977143,6297.177862045714,-0.00435672116878029,TimeStop
NSLNISP,2025-11-03,2025-11-03,2025-11-17,45.48,42.86,41.902072243637356,52.63585551272527,-0.06043068203323864,TimeStop
ASAHIINDIA,2025-11-06,2025-11-06,2025-11-20,921.0,997.35,858.7899077070674,1045.4201845858652,0.07965519147988118,TimeStop
GESHIP,2025-11-07,2025-11-07,2025-11-21,1085.2,1096.6,1019.0723830718952,1217.4552338562098,0.007478001574858388,TimeStop
ADANIENT,2025-11-17,2025-11-17,2025-11-26,2462.0,2321.664413464918,2321.664413464918,2742.6711730701636,-0.05982540533443509,Loss
AEGISLOG,2025-11-13,2025-11-13,2025-11-27,801.8,760.7,750.5337089080418,904.3325821839163,-0.054101623817703115,TimeStop
MAXHEALTH,2025-11-20,2025-11-20,2025-12-03,1168.9,1109.35277978441,1109.35277978441,1287.9944404311805,-0.05378586187385585,Loss
JSWSTEEL,2025-11-27,2025-11-27,2025-12-03,1160.6,1109.830996463769,1109.830996463769,1262.1380070724617,-0.0466082283011177,Loss
MARUTI,2025-11-21,2025-11-21,2025-12-05,15977.0,16282.0,15461.403970978807,17008.192058042387,0.016037251002134895,TimeStop
MFSL,2025-11-24,2025-11-24,2025-12-08,1679.6,1695.3,1593.903904768516,1850.9921904629675,0.006323956551478982,TimeStop
JSWSTEEL,2025-12-05,2025-12-05,2025-12-09,1162.2,1108.39318781533,1108.39318781533,1269.81362436934,-0.049154200180019994,Loss
ICICIGI,2025-11-28,2025-11-28,2025-12-12,1970.5,1937.9,1889.9402972243502,2131.6194055512997,-0.019489973362716562,TimeStop
COROMANDEL,2025-12-03,2025-12-03,2025-12-17,2318.1,2261.3,2190.819184323549,2572.661631352901,-0.027424933950611814,TimeStop
NYKAA,2025-12-09,2025-12-09,2025-12-23,252.95,256.85,239.65206553636165,279.5458689272767,0.012376375148682508,TimeStop
MINDACORP,2025-12-09,2025-12-09,2025-12-23,581.4,597.25,546.7209518770803,650.7580962458393,0.02418461231441459,TimeStop
SAGILITY,2025-12-15,2025-12-15,2025-12-29,50.88,52.22,47.27306103829004,58.09387792341993,0.02326208015021492,TimeStop
FSL,2025-12-23,2025-12-23,2025-12-30,355.3,338.72836374308304,338.72836374308304,388.4432725138339,-0.04949704293132944,Loss
IOC,2025-12-19,2025-12-19,2026-01-02,162.6,166.79,155.57620679900938,176.64758640198124,0.022696060460355064,TimeStop
RADICO,2025-12-26,2025-12-26,2026-01-02,3305.3,3119.5620968284716,3119.5620968284716,3676.775806343058,-0.05902113952079506,Loss
CUMMINSIND,2025-12-29,2025-12-29,2026-01-06,4402.2,4197.978224820073,4197.978224820073,4810.643550359853,-0.04924738704427066,Loss
BANKBARODA,2025-12-30,2025-12-30,2026-01-13,293.0,301.85,282.0595233003826,314.88095339923484,0.027118792800560385,TimeStop
GMRAIRPORT,2025-12-30,2025-12-30,2026-01-13,102.86,99.27,97.28345807915565,114.01308384168871,-0.03779276642104708,TimeStop
LTTS,2026-01-05,2026-01-05,2026-01-16,4416.1,4182.259623580545,4182.259623580545,4883.780752838911,-0.055788674013238296,Loss
HSCL,2026-01-12,2026-01-12,2026-01-20,471.0,446.62861678795844,446.62861678795844,519.7427664240831,-0.05458442089991013,Loss
3MINDIA,2026-01-13,2026-01-13,2026-01-20,34995.0,33003.011072302485,33003.011072302485,38978.977855395024,-0.059747097293935326,Loss
GLENMARK,2026-01-13,2026-01-13,2026-01-27,2008.2,1999.7,1909.2720923525603,2206.0558152948797,-0.007215473970599769,TimeStop
GRAPHITE,2026-01-14,2026-01-14,2026-01-28,632.9,661.75,577.9741531893344,742.751693621331,0.04245176712731514,TimeStop
SUNDARMFIN,2026-01-16,2026-01-16,2026-01-30,5082.5,5278.0,4789.964096383173,5667.571807233654,0.03535459231222028,TimeStop
ANURAS,2026-01-30,2026-01-30,2026-02-12,1245.3,1398.7271071369296,1168.5864464315353,1398.7271071369296,0.11984036831304415,Win
TECHM,2026-02-04,2026-02-04,2026-02-12,1645.3,1549.1526572732334,1549.1526572732334,1837.5946854535327,-0.061258031941133786,Loss
AJANTPHARM,2026-01-30,2026-01-30,2026-02-13,2781.9,2920.1,2634.8267083477467,3076.0465833045064,0.04653395908150767,TimeStop
EICHERMOT,2026-02-03,2026-02-03,2026-02-13,7215.0,7977.576711115439,6833.711644442281,7977.576711115439,0.10238112630759562,Win
ALKEM,2026-02-03,2026-02-03,2026-02-13,5702.5,5432.454936502685,5432.454936502685,6242.59012699463,-0.0502092097981162,Loss
RAMCOCEM,2026-02-12,2026-02-12,2026-02-26,1145.0,1140.2,1070.4749975913571,1294.0500048172858,-0.007175088895041619,TimeStop
COALINDIA,2026-02-16,2026-02-16,2026-03-02,422.5,426.25,398.7797894739647,469.9404210520706,0.005853645567152246,TimeStop
GPIL,2026-02-16,2026-02-16,2026-03-02,267.9,247.93241762851787,247.93241762851787,307.8351647429642,-0.07730595595194333,Loss
INDIACEM,2026-02-16,2026-02-16,2026-03-02,435.45,401.0621357987799,401.0621357987799,504.2257284024402,-0.08172981635577013,Loss
AXISBANK,2026-03-05,2026-03-05,2026-03-09,1349.1,1292.005629466204,1292.005629466204,1463.2887410675917,-0.04518907575779264,Loss
RRKABEL,2026-03-05,2026-03-05,2026-03-12,1500.3,1389.1177339122173,1389.1177339122173,1722.6645321755652,-0.0768802090396705,Loss
HINDALCO,2026-03-02,2026-03-02,2026-03-16,940.0,921.15,883.1558231837394,1053.6883536325213,-0.022988628758989244,TimeStop
NLCINDIA,2026-04-13,2026-04-13,2026-04-20,271.8,313.5362229252417,250.93188853737917,313.5362229252417,0.15009942257641432,Win
NTPC,2026-04-08,2026-04-08,2026-04-22,374.15,405.4,355.18278906431146,412.084421871377,0.08027695193812244,TimeStop
NAM-INDIA,2026-04-09,2026-04-09,2026-04-23,908.65,1031.95,829.8504213164134,1066.2491573671732,0.13229382800833164,TimeStop
FORCEMOT,2026-04-10,2026-04-10,2026-04-24,22617.0,20111.63701898361,20111.63701898361,27627.725962032782,-0.11343712805663794,Loss
JSWENERGY,2026-04-13,2026-04-13,2026-04-27,509.6,573.8,470.7474439478224,587.3051121043553,0.12260827753659924,TimeStop
INDIANB,2026-04-23,2026-04-23,2026-04-30,914.95,849.0075468949995,849.0075468949995,1046.8349062100012,-0.07485180713038105,Loss
TORNTPHARM,2026-04-23,2026-04-23,2026-05-07,4147.2,4362.7,3942.0382811915265,4557.5234376169465,0.04881160849389506,TimeStop
MARICO,2026-04-24,2026-04-24,2026-05-08,783.3,831.3,748.1437760843552,853.6124478312895,0.058100134363754954,TimeStop
ATUL,2026-04-27,2026-04-27,2026-05-11,6700.0,6892.0,6300.946399104743,7498.107201790514,0.025575368290847323,TimeStop
LUPIN,2026-04-28,2026-04-28,2026-05-12,2302.7,2245.4,2192.5759034264183,2522.948193147163,-0.027804799076627033,TimeStop
COALINDIA,2026-05-07,2026-05-07,2026-05-21,466.65,460.2,442.0120063460094,515.9259873079811,-0.016776025290254952,TimeStop
VTL,2026-05-11,2026-05-11,2026-05-25,605.65,601.4,554.5745051981867,707.8009896036265,-0.009991740697383027,TimeStop
NIACL,2026-05-13,2026-05-13,2026-05-27,168.08,160.56,154.08158611349404,196.07682777301196,-0.047602085686320704,TimeStop
SYRMA,2026-05-14,2026-05-14,2026-05-28,1028.7,1053.8,927.1825019564469,1231.7349960871063,0.021331131522799338,TimeStop
DATAPATTNS,2026-05-15,2026-05-15,2026-05-29,3876.5,4043.1,3440.3824798946857,4748.7350402106285,0.03985266779309949,TimeStop
GMDCLTD,2026-05-26,2026-05-26,2026-06-08,693.15,636.0226960962517,636.0226960962517,807.4046078074965,-0.08516556903502527,Loss
SCHAEFFLER,2026-05-29,2026-05-29,2026-06-11,4128.7,3886.409604081111,3886.409604081111,4613.2807918377775,-0.06150414466584817,Loss
STARHEALTH,2026-05-29,2026-05-29,2026-06-12,527.95,519.6,497.8918889872229,588.0662220255543,-0.018764021786242927,TimeStop
WAAREEENER,2026-05-29,2026-05-29,2026-06-12,3140.8,3031.4,2945.8097713156258,3530.780457368749,-0.037723057543079176,TimeStop
COALINDIA,2026-06-01,2026-06-01,2026-06-12,472.6,440.37348274599304,440.37348274599304,537.053034508014,-0.07098108123072684,Loss
BAJAJ-AUTO,2026-06-19,2026-06-19,2026-06-29,10066.0,9634.249599622608,9634.249599622608,10929.500800754784,-0.04575897675212058,Loss
SCHAEFFLER,2026-06-16,2026-06-16,2026-06-30,4163.0,4189.7,3906.8400787607256,4675.319842478549,0.0033989251529865016,TimeStop
CROMPTON,2026-06-18,2026-06-18,2026-07-02,277.1,274.15,259.6649087650239,311.97018246995225,-0.013609592828368686,TimeStop
GVT&D,2026-07-02,2026-07-02,2026-07-03,4822.8,4324.180425449302,4324.180425449302,5820.039149101397,-0.10607379243585313,Loss
TORNTPHARM,2026-06-22,2026-06-22,2026-07-06,4457.0,4822.7,4232.835934196183,4905.3281316076345,0.07880941656843862,TimeStop
UNITDSPR,2026-06-24,2026-06-24,2026-07-08,1359.1,1408.8,1298.915433590299,1479.4691328194017,0.03346326988804546,TimeStop
LICHSGFIN,2026-06-30,2026-06-30,2026-07-08,564.0,537.4823080819385,537.4823080819385,617.035383836123,-0.049871850699454906,Loss
ELECON,2026-07-10,2026-07-10,2026-07-16,510.55,466.2110270194078,466.2110270194078,599.2279459611844,-0.08958086623100561,Loss
BSE,2026-07-06,2026-07-06,2026-07-20,3802.7,3560.883582802786,3560.883582802786,4286.332834394428,-0.06639573670535782,Loss
ENDURANCE,2026-07-06,2026-07-06,2026-07-20,2648.1,2741.5,2486.255813895812,2971.788372208376,0.03216941137894772,TimeStop
BAJAJ-AUTO,2026-07-13,2026-07-13,2026-07-23,10381.0,11304.033581875143,9919.48320906243,11304.033581875143,0.0856538168859158,Win
PETRONET,2026-07-22,2026-07-22,2026-07-23,279.65,267.9527289575205,267.9527289575205,303.0445420849589,-0.04469846325064797,Loss
360ONE,2026-07-13,2026-07-13,2026-07-27,1118.0,1132.7,1051.9031365332125,1250.193726933575,0.01011358632891447,TimeStop
PAGEIND,2026-07-21,2026-07-21,2026-08-04,40095.0,39750.0,37912.75981653232,44459.48036693536,-0.011574295870074467,TimeStop
CIPLA,2026-07-22,2026-07-22,2026-08-05,1415.1,1458.8,1356.661926969593,1531.9761460608136,0.02779319819648677,TimeStop
OFSS,2026-07-23,2026-07-23,2026-08-06,10843.0,11735.0,9907.736169690863,12713.527660618274,0.07902312352738067,TimeStop
ACE,2026-07-24,2026-07-24,2026-08-07,1039.4,1094.3,960.5664612660868,1197.0670774678267,0.049665207787702545,TimeStop
SYRMA,2026-07-27,2026-07-27,2026-08-10,1316.2,1516.4,1204.4577292398662,1539.6845415202679,0.1486534064577044,TimeStop
AIAENG,2026-08-06,2026-08-06,2026-08-12,4795.4,4499.791835448832,4499.791835448832,5386.616329102336,-0.06445496128005121,Loss
IGIL,2026-08-04,2026-08-04,2026-08-18,362.1,349.7,335.49793330165016,415.3041333966998,-0.03713761034780344,TimeStop
IKS,2026-08-07,2026-08-07,2026-08-21,1737.7,1786.2,1611.623911608646,1989.8521767827078,0.024831343650346994,TimeStop
ABDL,2026-08-10,2026-08-10,2026-08-24,624.7,610.35,575.0718916766082,723.9562166467838,-0.025897722968932262,TimeStop
CEMPRO,2026-08-10,2026-08-10,2026-08-24,1266.4,1261.4,1126.2527203606398,1546.6945592787206,-0.006931879502287938,TimeStop
BHARTIARTL,2026-08-12,2026-08-12,2026-08-26,1945.0,1902.1,1874.054131139099,2086.891737721802,-0.02498599144984324,TimeStop
